session_date,split,expected_session,expected_open_utc,expected_close_utc,expected_open_et,expected_close_et,is_early_close,calendar_override,calendar_note,expected_minutes,expected_rth_minutes,observed_rows,observed_unique_minutes,missing_minutes,missing_rth_minutes,unexpected_minutes,invalid_rows,exact_duplicate_rows_removed,conflicting_duplicate_keys,symbol_count,symbols,contract_transitions,first_missing_utc,last_missing_utc,largest_missing_run_minutes,quality_status,session_usable,severity,exclusion_reasons
2021-07-28,development,True,2021-07-27T22:00:00+00:00,2021-07-28T21:00:00+00:00,2021-07-27T18:00:00-04:00,2021-07-28T17:00:00-04:00,False,False,,1380,390,1020,1020,360,0,0,0,0,0,1,MNQU1,0,2021-07-27T22:00:00+00:00,2021-07-28T03:59:00+00:00,360,excluded,False,high,missing_expected_minutes
2021-07-29,development,True,2021-07-28T22:00:00+00:00,2021-07-29T21:00:00+00:00,2021-07-28T18:00:00-04:00,2021-07-29T17:00:00-04:00,False,False,,1380,390,1380,1380,0,0,0,0,0,0,1,MNQU1,0,,,0,pass,True,none,
2021-07-30,development,True,2021-07-29T22:00:00+00:00,2021-07-30T21:00:00+00:00,2021-07-29T18:00:00-04:00,2021-07-30T17:00:00-04:00,False,False,,1380,390,1380,1380,0,0,0,0,0,0,1,MNQU1,0,,,0,pass,True,none,
2021-08-02,development,True,2021-08-01T22:00:00+00:00,2021-08-02T21:00:00+00:00,2021-08-01T18:00:00-04:00,2021-08-02T17:00:00-04:00,False,False,,1380,390,1380,1380,0,0,0,0,0,0,1,MNQU1,0,,,0,pass,True,none,
2021-08-03,development,True,2021-08-02T22:00:00+00:00,2021-08-03T21:00:00+00:00,2021-08-02T18:00:00-04:00,2021-08-03T17:00:00-04:00,False,False,,1380,390,1380,1380,0,0,0,0,0,0,1,MNQU1,0,,,0,pass,True,none,
2021-08-04,development,True,2021-08-03T22:00:00+00:00,2021-08-04T21:00:00+00:00,2021-08-03T18:00:00-04:00,2021-08-04T17:00:00-04:00,False,False,,1380,390,1380,1380,0,0,0,0,0,0,1,MNQU1,0,,,0,pass,True,none,
2021-08-05,development,True,2021-08-04T22:00:00+00:00,2021-08-05T21:00:00+00:00,2021-08-04T18:00:00-04:00,2021-08-05T17:00:00-04:00,False,False,,1380,390,1380,1380,0,0,0,0,0,0,1,MNQU1,0,,,0,pass,True,none,
2021-08-06,development,True,2021-08-05T22:00:00+00:00,2021-08-06T21:00:00+00:00,2021-08-05T18:00:00-04:00,2021-08-06T17:00:00-04:00,False,False,,1380,390,1380,1380,0,0,0,0,0,0,1,MNQU1,0,,,0,pass,True,none,
2021-08-09,development,True,2021-08-08T22:00:00+00:00,2021-08-09T21:00:00+00:00,2021-08-08T18:00:00-04:00,2021-08-09T17:00:00-04:00,False,False,,1380,390,1379,1379,1,0,0,0,0,0,1,MNQU1,0,2021-08-09T20:56:00+00:00,2021-08-09T20:56:00+00:00,1,excluded,False,high,missing_expected_minutes
2021-08-10,development,True,2021-08-09T22:00:00+00:00,2021-08-10T21:00:00+00:00,2021-08-09T18:00:00-04:00,2021-08-10T17:00:00-04:00,False,False,,1380,390,1380,1380,0,0,0,0,0,0,1,MNQU1,0,,,0,pass,True,none,
2021-08-11,development,True,2021-08-10T22:00:00+00:00,2021-08-11T21:00:00+00:00,2021-08-10T18:00:00-04:00,2021-08-11T17:00:00-04:00,False,False,,1380,390,1380,1380,0,0,0,0,0,0,1,MNQU1,0,,,0,pass,True,none,
2021-08-12,development,True,2021-08-11T22:00:00+00:00,2021-08-12T21:00:00+00:00,2021-08-11T18:00:00-04:00,2021-08-12T17:00:00-04:00,False,False,,1380,390,1380,1380,0,0,0,0,0,0,1,MNQU1,0,,,0,pass,True,none,
2021-08-13,development,True,2021-08-12T22:00:00+00:00,2021-08-13T21:00:00+00:00,2021-08-12T18:00:00-04:00,2021-08-13T17:00:00-04:00,False,False,,1380,390,1380,1380,0,0,0,0,0,0,1,MNQU1,0,,,0,pass,True,none,
2021-08-16,development,True,2021-08-15T22:00:00+00:00,2021-08-16T21:00:00+00:00,2021-08-15T18:00:00-04:00,2021-08-16T17:00:00-04:00,False,False,,1380,390,1380,1380,0,0,0,0,0,0,1,MNQU1,0,,,0,pass,True,none,
2021-08-17,development,True,2021-08-16T22:00:00+00:00,2021-08-17T21:00:00+00:00,2021-08-16T18:00:00-04:00,2021-08-17T17:00:00-04:00,False,False,,1380,390,1380,1380,0,0,0,0,0,0,1,MNQU1,0,,,0,pass,True,none,
2021-08-18,development,True,2021-08-17T22:00:00+00:00,2021-08-18T21:00:00+00:00,2021-08-17T18:00:00-04:00,2021-08-18T17:00:00-04:00,False,False,,1380,390,1380,1380,0,0,0,0,0,0,1,MNQU1,0,,,0,pass,True,none,
2021-08-19,development,True,2021-08-18T22:00:00+00:00,2021-08-19T21:00:00+00:00,2021-08-18T18:00:00-04:00,2021-08-19T17:00:00-04:00,False,False,,1380,390,1380,1380,0,0,0,0,0,0,1,MNQU1,0,,,0,pass,True,none,
2021-08-20,development,True,2021-08-19T22:00:00+00:00,2021-08-20T21:00:00+00:00,2021-08-19T18:00:00-04:00,2021-08-20T17:00:00-04:00,False,False,,1380,390,1380,1380,0,0,0,0,0,0,1,MNQU1,0,,,0,pass,True,none,
2021-08-23,development,True,2021-08-22T22:00:00+00:00,2021-08-23T21:00:00+00:00,2021-08-22T18:00:00-04:00,2021-08-23T17:00:00-04:00,False,False,,1380,390,1380,1380,0,0,0,0,0,0,1,MNQU1,0,,,0,pass,True,none,
2021-08-24,development,True,2021-08-23T22:00:00+00:00,2021-08-24T21:00:00+00:00,2021-08-23T18:00:00-04:00,2021-08-24T17:00:00-04:00,False,False,,1380,390,1380,1380,0,0,0,0,0,0,1,MNQU1,0,,,0,pass,True,none,
2021-08-25,development,True,2021-08-24T22:00:00+00:00,2021-08-25T21:00:00+00:00,2021-08-24T18:00:00-04:00,2021-08-25T17:00:00-04:00,False,False,,1380,390,1380,1380,0,0,0,0,0,0,1,MNQU1,0,,,0,pass,True,none,
2021-08-26,development,True,2021-08-25T22:00:00+00:00,2021-08-26T21:00:00+00:00,2021-08-25T18:00:00-04:00,2021-08-26T17:00:00-04:00,False,False,,1380,390,1380,1380,0,0,0,0,0,0,1,MNQU1,0,,,0,pass,True,none,
2021-08-27,development,True,2021-08-26T22:00:00+00:00,2021-08-27T21:00:00+00:00,2021-08-26T18:00:00-04:00,2021-08-27T17:00:00-04:00,False,False,,1380,390,1380,1380,0,0,0,0,0,0,1,MNQU1,0,,,0,pass,True,none,
2021-08-30,development,True,2021-08-29T22:00:00+00:00,2021-08-30T21:00:00+00:00,2021-08-29T18:00:00-04:00,2021-08-30T17:00:00-04:00,False,False,,1380,390,1380,1380,0,0,0,0,0,0,1,MNQU1,0,,,0,pass,True,none,
2021-08-31,development,True,2021-08-30T22:00:00+00:00,2021-08-31T21:00:00+00:00,2021-08-30T18:00:00-04:00,2021-08-31T17:00:00-04:00,False,False,,1380,390,1380,1380,0,0,0,0,0,0,1,MNQU1,0,,,0,pass,True,none,
2021-09-01,development,True,2021-08-31T22:00:00+00:00,2021-09-01T21:00:00+00:00,2021-08-31T18:00:00-04:00,2021-09-01T17:00:00-04:00,False,False,,1380,390,1380,1380,0,0,0,0,0,0,1,MNQU1,0,,,0,pass,True,none,
2021-09-02,development,True,2021-09-01T22:00:00+00:00,2021-09-02T21:00:00+00:00,2021-09-01T18:00:00-04:00,2021-09-02T17:00:00-04:00,False,False,,1380,390,1380,1380,0,0,0,0,0,0,1,MNQU1,0,,,0,pass,True,none,
2021-09-03,development,True,2021-09-02T22:00:00+00:00,2021-09-03T21:00:00+00:00,2021-09-02T18:00:00-04:00,2021-09-03T17:00:00-04:00,False,False,,1380,390,1380,1380,0,0,0,0,0,0,1,MNQU1,0,,,0,pass,True,none,
2021-09-06,development,True,2021-09-05T22:00:00+00:00,2021-09-06T17:00:00+00:00,2021-09-05T18:00:00-04:00,2021-09-06T13:00:00-04:00,True,False,,1140,210,1139,1139,1,0,0,0,0,0,1,MNQU1,0,2021-09-05T23:11:00+00:00,2021-09-05T23:11:00+00:00,1,excluded,False,high,missing_expected_minutes
2021-09-07,development,True,2021-09-06T22:00:00+00:00,2021-09-07T21:00:00+00:00,2021-09-06T18:00:00-04:00,2021-09-07T17:00:00-04:00,False,False,,1380,390,1380,1380,0,0,0,0,0,0,1,MNQU1,0,,,0,pass,True,none,
2021-09-08,development,True,2021-09-07T22:00:00+00:00,2021-09-08T21:00:00+00:00,2021-09-07T18:00:00-04:00,2021-09-08T17:00:00-04:00,False,False,,1380,390,1380,1380,0,0,0,0,0,0,1,MNQU1,0,,,0,pass,True,none,
2021-09-09,development,True,2021-09-08T22:00:00+00:00,2021-09-09T21:00:00+00:00,2021-09-08T18:00:00-04:00,2021-09-09T17:00:00-04:00,False,False,,1380,390,1380,1380,0,0,0,0,0,0,1,MNQU1,0,,,0,pass,True,none,
2021-09-10,development,True,2021-09-09T22:00:00+00:00,2021-09-10T21:00:00+00:00,2021-09-09T18:00:00-04:00,2021-09-10T17:00:00-04:00,False,False,,1380,390,1380,1380,0,0,0,0,0,0,1,MNQU1,0,,,0,pass,True,none,
2021-09-13,development,True,2021-09-12T22:00:00+00:00,2021-09-13T21:00:00+00:00,2021-09-12T18:00:00-04:00,2021-09-13T17:00:00-04:00,False,False,,1380,390,1380,1380,0,0,0,0,0,0,1,MNQU1,0,,,0,pass,True,none,
2021-09-14,development,True,2021-09-13T22:00:00+00:00,2021-09-14T21:00:00+00:00,2021-09-13T18:00:00-04:00,2021-09-14T17:00:00-04:00,False,False,,1380,390,1379,1379,1,0,0,0,0,0,2,MNQU1|MNQZ1,1,2021-09-14T04:25:00+00:00,2021-09-14T04:25:00+00:00,1,excluded,False,high,missing_expected_minutes|multiple_contracts_within_session|roll_boundary_session
2021-09-15,development,True,2021-09-14T22:00:00+00:00,2021-09-15T21:00:00+00:00,2021-09-14T18:00:00-04:00,2021-09-15T17:00:00-04:00,False,False,,1380,390,1380,1380,0,0,0,0,0,0,1,MNQZ1,0,,,0,pass,True,none,
2021-09-16,development,True,2021-09-15T22:00:00+00:00,2021-09-16T21:00:00+00:00,2021-09-15T18:00:00-04:00,2021-09-16T17:00:00-04:00,False,False,,1380,390,1380,1380,0,0,0,0,0,0,1,MNQZ1,0,,,0,pass,True,none,
2021-09-17,development,True,2021-09-16T22:00:00+00:00,2021-09-17T21:00:00+00:00,2021-09-16T18:00:00-04:00,2021-09-17T17:00:00-04:00,False,False,,1380,390,1380,1380,0,0,0,0,0,0,1,MNQZ1,0,,,0,pass,True,none,
2021-09-20,development,True,2021-09-19T22:00:00+00:00,2021-09-20T21:00:00+00:00,2021-09-19T18:00:00-04:00,2021-09-20T17:00:00-04:00,False,False,,1380,390,1380,1380,0,0,0,0,0,0,1,MNQZ1,0,,,0,pass,True,none,
2021-09-21,development,True,2021-09-20T22:00:00+00:00,2021-09-21T21:00:00+00:00,2021-09-20T18:00:00-04:00,2021-09-21T17:00:00-04:00,False,False,,1380,390,1380,1380,0,0,0,0,0,0,1,MNQZ1,0,,,0,pass,True,none,
2021-09-22,development,True,2021-09-21T22:00:00+00:00,2021-09-22T21:00:00+00:00,2021-09-21T18:00:00-04:00,2021-09-22T17:00:00-04:00,False,False,,1380,390,1380,1380,0,0,0,0,0,0,1,MNQZ1,0,,,0,pass,True,none,
2021-09-23,development,True,2021-09-22T22:00:00+00:00,2021-09-23T21:00:00+00:00,2021-09-22T18:00:00-04:00,2021-09-23T17:00:00-04:00,False,False,,1380,390,1380,1380,0,0,0,0,0,0,1,MNQZ1,0,,,0,pass,True,none,
2021-09-24,development,True,2021-09-23T22:00:00+00:00,2021-09-24T21:00:00+00:00,2021-09-23T18:00:00-04:00,2021-09-24T17:00:00-04:00,False,False,,1380,390,1380,1380,0,0,0,0,0,0,1,MNQZ1,0,,,0,pass,True,none,
2021-09-27,development,True,2021-09-26T22:00:00+00:00,2021-09-27T21:00:00+00:00,2021-09-26T18:00:00-04:00,2021-09-27T17:00:00-04:00,False,False,,1380,390,1380,1380,0,0,0,0,0,0,1,MNQZ1,0,,,0,pass,True,none,
2021-09-28,development,True,2021-09-27T22:00:00+00:00,2021-09-28T21:00:00+00:00,2021-09-27T18:00:00-04:00,2021-09-28T17:00:00-04:00,False,False,,1380,390,1380,1380,0,0,0,0,0,0,1,MNQZ1,0,,,0,pass,True,none,
2021-09-29,development,True,2021-09-28T22:00:00+00:00,2021-09-29T21:00:00+00:00,2021-09-28T18:00:00-04:00,2021-09-29T17:00:00-04:00,False,False,,1380,390,1380,1380,0,0,0,0,0,0,1,MNQZ1,0,,,0,pass,True,none,
2021-09-30,development,True,2021-09-29T22:00:00+00:00,2021-09-30T21:00:00+00:00,2021-09-29T18:00:00-04:00,2021-09-30T17:00:00-04:00,False,False,,1380,390,1380,1380,0,0,0,0,0,0,1,MNQZ1,0,,,0,pass,True,none,
2021-10-01,development,True,2021-09-30T22:00:00+00:00,2021-10-01T21:00:00+00:00,2021-09-30T18:00:00-04:00,2021-10-01T17:00:00-04:00,False,False,,1380,390,1380,1380,0,0,0,0,0,0,1,MNQZ1,0,,,0,pass,True,none,
2021-10-04,development,True,2021-10-03T22:00:00+00:00,2021-10-04T21:00:00+00:00,2021-10-03T18:00:00-04:00,2021-10-04T17:00:00-04:00,False,False,,1380,390,1380,1380,0,0,0,0,0,0,1,MNQZ1,0,,,0,pass,True,none,
2021-10-05,development,True,2021-10-04T22:00:00+00:00,2021-10-05T21:00:00+00:00,2021-10-04T18:00:00-04:00,2021-10-05T17:00:00-04:00,False,False,,1380,390,1380,1380,0,0,0,0,0,0,1,MNQZ1,0,,,0,pass,True,none,
2021-10-06,development,True,2021-10-05T22:00:00+00:00,2021-10-06T21:00:00+00:00,2021-10-05T18:00:00-04:00,2021-10-06T17:00:00-04:00,False,False,,1380,390,1380,1380,0,0,0,0,0,0,1,MNQZ1,0,,,0,pass,True,none,
2021-10-07,development,True,2021-10-06T22:00:00+00:00,2021-10-07T21:00:00+00:00,2021-10-06T18:00:00-04:00,2021-10-07T17:00:00-04:00,False,False,,1380,390,1380,1380,0,0,0,0,0,0,1,MNQZ1,0,,,0,pass,True,none,
2021-10-08,development,True,2021-10-07T22:00:00+00:00,2021-10-08T21:00:00+00:00,2021-10-07T18:00:00-04:00,2021-10-08T17:00:00-04:00,False,False,,1380,390,1380,1380,0,0,0,0,0,0,1,MNQZ1,0,,,0,pass,True,none,
2021-10-11,development,True,2021-10-10T22:00:00+00:00,2021-10-11T21:00:00+00:00,2021-10-10T18:00:00-04:00,2021-10-11T17:00:00-04:00,False,False,,1380,390,1380,1380,0,0,0,0,0,0,1,MNQZ1,0,,,0,pass,True,none,
2021-10-12,development,True,2021-10-11T22:00:00+00:00,2021-10-12T21:00:00+00:00,2021-10-11T18:00:00-04:00,2021-10-12T17:00:00-04:00,False,False,,1380,390,1380,1380,0,0,0,0,0,0,1,MNQZ1,0,,,0,pass,True,none,
2021-10-13,development,True,2021-10-12T22:00:00+00:00,2021-10-13T21:00:00+00:00,2021-10-12T18:00:00-04:00,2021-10-13T17:00:00-04:00,False,False,,1380,390,1380,1380,0,0,0,0,0,0,1,MNQZ1,0,,,0,pass,True,none,
2021-10-14,development,True,2021-10-13T22:00:00+00:00,2021-10-14T21:00:00+00:00,2021-10-13T18:00:00-04:00,2021-10-14T17:00:00-04:00,False,False,,1380,390,1380,1380,0,0,0,0,0,0,1,MNQZ1,0,,,0,pass,True,none,
2021-10-15,development,True,2021-10-14T22:00:00+00:00,2021-10-15T21:00:00+00:00,2021-10-14T18:00:00-04:00,2021-10-15T17:00:00-04:00,False,False,,1380,390,1380,1380,0,0,0,0,0,0,1,MNQZ1,0,,,0,pass,True,none,
2021-10-18,development,True,2021-10-17T22:00:00+00:00,2021-10-18T21:00:00+00:00,2021-10-17T18:00:00-04:00,2021-10-18T17:00:00-04:00,False,False,,1380,390,1380,1380,0,0,0,0,0,0,1,MNQZ1,0,,,0,pass,True,none,
2021-10-19,development,True,2021-10-18T22:00:00+00:00,2021-10-19T21:00:00+00:00,2021-10-18T18:00:00-04:00,2021-10-19T17:00:00-04:00,False,False,,1380,390,1380,1380,0,0,0,0,0,0,1,MNQZ1,0,,,0,pass,True,none,
2021-10-20,development,True,2021-10-19T22:00:00+00:00,2021-10-20T21:00:00+00:00,2021-10-19T18:00:00-04:00,2021-10-20T17:00:00-04:00,False,False,,1380,390,1380,1380,0,0,0,0,0,0,1,MNQZ1,0,,,0,pass,True,none,
2021-10-21,development,True,2021-10-20T22:00:00+00:00,2021-10-21T21:00:00+00:00,2021-10-20T18:00:00-04:00,2021-10-21T17:00:00-04:00,False,False,,1380,390,1380,1380,0,0,0,0,0,0,1,MNQZ1,0,,,0,pass,True,none,
2021-10-22,development,True,2021-10-21T22:00:00+00:00,2021-10-22T21:00:00+00:00,2021-10-21T18:00:00-04:00,2021-10-22T17:00:00-04:00,False,False,,1380,390,1380,1380,0,0,0,0,0,0,1,MNQZ1,0,,,0,pass,True,none,
2021-10-25,development,True,2021-10-24T22:00:00+00:00,2021-10-25T21:00:00+00:00,2021-10-24T18:00:00-04:00,2021-10-25T17:00:00-04:00,False,False,,1380,390,1380,1380,0,0,0,0,0,0,1,MNQZ1,0,,,0,pass,True,none,
2021-10-26,development,True,2021-10-25T22:00:00+00:00,2021-10-26T21:00:00+00:00,2021-10-25T18:00:00-04:00,2021-10-26T17:00:00-04:00,False,False,,1380,390,1380,1380,0,0,0,0,0,0,1,MNQZ1,0,,,0,pass,True,none,
2021-10-27,development,True,2021-10-26T22:00:00+00:00,2021-10-27T21:00:00+00:00,2021-10-26T18:00:00-04:00,2021-10-27T17:00:00-04:00,False,False,,1380,390,1380,1380,0,0,0,0,0,0,1,MNQZ1,0,,,0,pass,True,none,
2021-10-28,development,True,2021-10-27T22:00:00+00:00,2021-10-28T21:00:00+00:00,2021-10-27T18:00:00-04:00,2021-10-28T17:00:00-04:00,False,False,,1380,390,1380,1380,0,0,0,0,0,0,1,MNQZ1,0,,,0,pass,True,none,
2021-10-29,development,True,2021-10-28T22:00:00+00:00,2021-10-29T21:00:00+00:00,2021-10-28T18:00:00-04:00,2021-10-29T17:00:00-04:00,False,False,,1380,390,1380,1380,0,0,0,0,0,0,1,MNQZ1,0,,,0,pass,True,none,
2021-11-01,development,True,2021-10-31T22:00:00+00:00,2021-11-01T21:00:00+00:00,2021-10-31T18:00:00-04:00,2021-11-01T17:00:00-04:00,False,False,,1380,390,1380,1380,0,0,0,0,0,0,1,MNQZ1,0,,,0,pass,True,none,
2021-11-02,development,True,2021-11-01T22:00:00+00:00,2021-11-02T21:00:00+00:00,2021-11-01T18:00:00-04:00,2021-11-02T17:00:00-04:00,False,False,,1380,390,1380,1380,0,0,0,0,0,0,1,MNQZ1,0,,,0,pass,True,none,
2021-11-03,development,True,2021-11-02T22:00:00+00:00,2021-11-03T21:00:00+00:00,2021-11-02T18:00:00-04:00,2021-11-03T17:00:00-04:00,False,False,,1380,390,1380,1380,0,0,0,0,0,0,1,MNQZ1,0,,,0,pass,True,none,
2021-11-04,development,True,2021-11-03T22:00:00+00:00,2021-11-04T21:00:00+00:00,2021-11-03T18:00:00-04:00,2021-11-04T17:00:00-04:00,False,False,,1380,390,1380,1380,0,0,0,0,0,0,1,MNQZ1,0,,,0,pass,True,none,
2021-11-05,development,True,2021-11-04T22:00:00+00:00,2021-11-05T21:00:00+00:00,2021-11-04T18:00:00-04:00,2021-11-05T17:00:00-04:00,False,False,,1380,390,1380,1380,0,0,0,0,0,0,1,MNQZ1,0,,,0,pass,True,none,
2021-11-08,development,True,2021-11-07T23:00:00+00:00,2021-11-08T22:00:00+00:00,2021-11-07T18:00:00-05:00,2021-11-08T17:00:00-05:00,False,False,,1380,390,1380,1380,0,0,0,0,0,0,1,MNQZ1,0,,,0,pass,True,none,
2021-11-09,development,True,2021-11-08T23:00:00+00:00,2021-11-09T22:00:00+00:00,2021-11-08T18:00:00-05:00,2021-11-09T17:00:00-05:00,False,False,,1380,390,1380,1380,0,0,0,0,0,0,1,MNQZ1,0,,,0,pass,True,none,
2021-11-10,development,True,2021-11-09T23:00:00+00:00,2021-11-10T22:00:00+00:00,2021-11-09T18:00:00-05:00,2021-11-10T17:00:00-05:00,False,False,,1380,390,1380,1380,0,0,0,0,0,0,1,MNQZ1,0,,,0,pass,True,none,
2021-11-11,development,True,2021-11-10T23:00:00+00:00,2021-11-11T22:00:00+00:00,2021-11-10T18:00:00-05:00,2021-11-11T17:00:00-05:00,False,False,,1380,390,1380,1380,0,0,0,0,0,0,1,MNQZ1,0,,,0,pass,True,none,
2021-11-12,development,True,2021-11-11T23:00:00+00:00,2021-11-12T22:00:00+00:00,2021-11-11T18:00:00-05:00,2021-11-12T17:00:00-05:00,False,False,,1380,390,1380,1380,0,0,0,0,0,0,1,MNQZ1,0,,,0,pass,True,none,
2021-11-15,development,True,2021-11-14T23:00:00+00:00,2021-11-15T22:00:00+00:00,2021-11-14T18:00:00-05:00,2021-11-15T17:00:00-05:00,False,False,,1380,390,1380,1380,0,0,0,0,0,0,1,MNQZ1,0,,,0,pass,True,none,
2021-11-16,development,True,2021-11-15T23:00:00+00:00,2021-11-16T22:00:00+00:00,2021-11-15T18:00:00-05:00,2021-11-16T17:00:00-05:00,False,False,,1380,390,1380,1380,0,0,0,0,0,0,1,MNQZ1,0,,,0,pass,True,none,
2021-11-17,development,True,2021-11-16T23:00:00+00:00,2021-11-17T22:00:00+00:00,2021-11-16T18:00:00-05:00,2021-11-17T17:00:00-05:00,False,False,,1380,390,1380,1380,0,0,0,0,0,0,1,MNQZ1,0,,,0,pass,True,none,
2021-11-18,development,True,2021-11-17T23:00:00+00:00,2021-11-18T22:00:00+00:00,2021-11-17T18:00:00-05:00,2021-11-18T17:00:00-05:00,False,False,,1380,390,1380,1380,0,0,0,0,0,0,1,MNQZ1,0,,,0,pass,True,none,
2021-11-19,development,True,2021-11-18T23:00:00+00:00,2021-11-19T22:00:00+00:00,2021-11-18T18:00:00-05:00,2021-11-19T17:00:00-05:00,False,False,,1380,390,1380,1380,0,0,0,0,0,0,1,MNQZ1,0,,,0,pass,True,none,
2021-11-22,development,True,2021-11-21T23:00:00+00:00,2021-11-22T22:00:00+00:00,2021-11-21T18:00:00-05:00,2021-11-22T17:00:00-05:00,False,False,,1380,390,1380,1380,0,0,0,0,0,0,1,MNQZ1,0,,,0,pass,True,none,
2021-11-23,development,True,2021-11-22T23:00:00+00:00,2021-11-23T22:00:00+00:00,2021-11-22T18:00:00-05:00,2021-11-23T17:00:00-05:00,False,False,,1380,390,1380,1380,0,0,0,0,0,0,1,MNQZ1,0,,,0,pass,True,none,
2021-11-24,development,True,2021-11-23T23:00:00+00:00,2021-11-24T22:00:00+00:00,2021-11-23T18:00:00-05:00,2021-11-24T17:00:00-05:00,False,False,,1380,390,1380,1380,0,0,0,0,0,0,1,MNQZ1,0,,,0,pass,True,none,
2021-11-25,development,True,2021-11-24T23:00:00+00:00,2021-11-25T18:00:00+00:00,2021-11-24T18:00:00-05:00,2021-11-25T13:00:00-05:00,True,False,,1140,210,1140,1140,0,0,0,0,0,0,1,MNQZ1,0,,,0,pass,True,none,
2021-11-26,development,True,2021-11-25T23:00:00+00:00,2021-11-26T18:15:00+00:00,2021-11-25T18:00:00-05:00,2021-11-26T13:15:00-05:00,True,False,,1155,225,1155,1155,0,0,0,0,0,0,1,MNQZ1,0,,,0,pass,True,none,
2021-11-29,development,True,2021-11-28T23:00:00+00:00,2021-11-29T22:00:00+00:00,2021-11-28T18:00:00-05:00,2021-11-29T17:00:00-05:00,False,False,,1380,390,1380,1380,0,0,0,0,0,0,1,MNQZ1,0,,,0,pass,True,none,
2021-11-30,development,True,2021-11-29T23:00:00+00:00,2021-11-30T22:00:00+00:00,2021-11-29T18:00:00-05:00,2021-11-30T17:00:00-05:00,False,False,,1380,390,1380,1380,0,0,0,0,0,0,1,MNQZ1,0,,,0,pass,True,none,
2021-12-01,development,True,2021-11-30T23:00:00+00:00,2021-12-01T22:00:00+00:00,2021-11-30T18:00:00-05:00,2021-12-01T17:00:00-05:00,False,False,,1380,390,1380,1380,0,0,0,0,0,0,1,MNQZ1,0,,,0,pass,True,none,
2021-12-02,development,True,2021-12-01T23:00:00+00:00,2021-12-02T22:00:00+00:00,2021-12-01T18:00:00-05:00,2021-12-02T17:00:00-05:00,False,False,,1380,390,1380,1380,0,0,0,0,0,0,1,MNQZ1,0,,,0,pass,True,none,
2021-12-03,development,True,2021-12-02T23:00:00+00:00,2021-12-03T22:00:00+00:00,2021-12-02T18:00:00-05:00,2021-12-03T17:00:00-05:00,False,False,,1380,390,1380,1380,0,0,0,0,0,0,1,MNQZ1,0,,,0,pass,True,none,
2021-12-06,development,True,2021-12-05T23:00:00+00:00,2021-12-06T22:00:00+00:00,2021-12-05T18:00:00-05:00,2021-12-06T17:00:00-05:00,False,False,,1380,390,1380,1380,0,0,0,0,0,0,1,MNQZ1,0,,,0,pass,True,none,
2021-12-07,development,True,2021-12-06T23:00:00+00:00,2021-12-07T22:00:00+00:00,2021-12-06T18:00:00-05:00,2021-12-07T17:00:00-05:00,False,False,,1380,390,1380,1380,0,0,0,0,0,0,1,MNQZ1,0,,,0,pass,True,none,
2021-12-08,development,True,2021-12-07T23:00:00+00:00,2021-12-08T22:00:00+00:00,2021-12-07T18:00:00-05:00,2021-12-08T17:00:00-05:00,False,False,,1380,390,1380,1380,0,0,0,0,0,0,1,MNQZ1,0,,,0,pass,True,none,
2021-12-09,development,True,2021-12-08T23:00:00+00:00,2021-12-09T22:00:00+00:00,2021-12-08T18:00:00-05:00,2021-12-09T17:00:00-05:00,False,False,,1380,390,1380,1380,0,0,0,0,0,0,1,MNQZ1,0,,,0,pass,True,none,
2021-12-10,development,True,2021-12-09T23:00:00+00:00,2021-12-10T22:00:00+00:00,2021-12-09T18:00:00-05:00,2021-12-10T17:00:00-05:00,False,False,,1380,390,1380,1380,0,0,0,0,0,0,1,MNQZ1,0,,,0,pass,True,none,
2021-12-13,development,True,2021-12-12T23:00:00+00:00,2021-12-13T22:00:00+00:00,2021-12-12T18:00:00-05:00,2021-12-13T17:00:00-05:00,False,False,,1380,390,1379,1379,1,0,0,0,0,0,1,MNQZ1,0,2021-12-13T04:23:00+00:00,2021-12-13T04:23:00+00:00,1,excluded,False,high,missing_expected_minutes
2021-12-14,development,True,2021-12-13T23:00:00+00:00,2021-12-14T22:00:00+00:00,2021-12-13T18:00:00-05:00,2021-12-14T17:00:00-05:00,False,False,,1380,390,1380,1380,0,0,0,0,0,0,2,MNQZ1|MNQH2,1,,,0,excluded,False,high,multiple_contracts_within_session|roll_boundary_session
2021-12-15,development,True,2021-12-14T23:00:00+00:00,2021-12-15T22:00:00+00:00,2021-12-14T18:00:00-05:00,2021-12-15T17:00:00-05:00,False,False,,1380,390,1380,1380,0,0,0,0,0,0,1,MNQH2,0,,,0,pass,True,none,
2021-12-16,development,True,2021-12-15T23:00:00+00:00,2021-12-16T22:00:00+00:00,2021-12-15T18:00:00-05:00,2021-12-16T17:00:00-05:00,False,False,,1380,390,1380,1380,0,0,0,0,0,0,1,MNQH2,0,,,0,pass,True,none,
2021-12-17,development,True,2021-12-16T23:00:00+00:00,2021-12-17T22:00:00+00:00,2021-12-16T18:00:00-05:00,2021-12-17T17:00:00-05:00,False,False,,1380,390,1380,1380,0,0,0,0,0,0,1,MNQH2,0,,,0,pass,True,none,
2021-12-20,development,True,2021-12-19T23:00:00+00:00,2021-12-20T22:00:00+00:00,2021-12-19T18:00:00-05:00,2021-12-20T17:00:00-05:00,False,False,,1380,390,1380,1380,0,0,0,0,0,0,1,MNQH2,0,,,0,pass,True,none,
2021-12-21,development,True,2021-12-20T23:00:00+00:00,2021-12-21T22:00:00+00:00,2021-12-20T18:00:00-05:00,2021-12-21T17:00:00-05:00,False,False,,1380,390,1380,1380,0,0,0,0,0,0,1,MNQH2,0,,,0,pass,True,none,
2021-12-22,development,True,2021-12-21T23:00:00+00:00,2021-12-22T22:00:00+00:00,2021-12-21T18:00:00-05:00,2021-12-22T17:00:00-05:00,False,False,,1380,390,1380,1380,0,0,0,0,0,0,1,MNQH2,0,,,0,pass,True,none,
2021-12-23,development,True,2021-12-22T23:00:00+00:00,2021-12-23T22:00:00+00:00,2021-12-22T18:00:00-05:00,2021-12-23T17:00:00-05:00,False,False,,1380,390,1380,1380,0,0,0,0,0,0,1,MNQH2,0,,,0,pass,True,none,
2021-12-27,development,True,2021-12-26T23:00:00+00:00,2021-12-27T22:00:00+00:00,2021-12-26T18:00:00-05:00,2021-12-27T17:00:00-05:00,False,False,,1380,390,1380,1380,0,0,0,0,0,0,1,MNQH2,0,,,0,pass,True,none,
2021-12-28,development,True,2021-12-27T23:00:00+00:00,2021-12-28T22:00:00+00:00,2021-12-27T18:00:00-05:00,2021-12-28T17:00:00-05:00,False,False,,1380,390,1380,1380,0,0,0,0,0,0,1,MNQH2,0,,,0,pass,True,none,
2021-12-29,development,True,2021-12-28T23:00:00+00:00,2021-12-29T22:00:00+00:00,2021-12-28T18:00:00-05:00,2021-12-29T17:00:00-05:00,False,False,,1380,390,1380,1380,0,0,0,0,0,0,1,MNQH2,0,,,0,pass,True,none,
2021-12-30,development,True,2021-12-29T23:00:00+00:00,2021-12-30T22:00:00+00:00,2021-12-29T18:00:00-05:00,2021-12-30T17:00:00-05:00,False,False,,1380,390,1380,1380,0,0,0,0,0,0,1,MNQH2,0,,,0,pass,True,none,
2021-12-31,development,True,2021-12-30T23:00:00+00:00,2021-12-31T22:00:00+00:00,2021-12-30T18:00:00-05:00,2021-12-31T17:00:00-05:00,False,False,,1380,390,1380,1380,0,0,0,0,0,0,1,MNQH2,0,,,0,pass,True,none,
2022-01-03,development,True,2022-01-02T23:00:00+00:00,2022-01-03T22:00:00+00:00,2022-01-02T18:00:00-05:00,2022-01-03T17:00:00-05:00,False,False,,1380,390,1380,1380,0,0,0,0,0,0,1,MNQH2,0,,,0,pass,True,none,
2022-01-04,development,True,2022-01-03T23:00:00+00:00,2022-01-04T22:00:00+00:00,2022-01-03T18:00:00-05:00,2022-01-04T17:00:00-05:00,False,False,,1380,390,1380,1380,0,0,0,0,0,0,1,MNQH2,0,,,0,pass,True,none,
2022-01-05,development,True,2022-01-04T23:00:00+00:00,2022-01-05T22:00:00+00:00,2022-01-04T18:00:00-05:00,2022-01-05T17:00:00-05:00,False,False,,1380,390,1380,1380,0,0,0,0,0,0,1,MNQH2,0,,,0,pass,True,none,
2022-01-06,development,True,2022-01-05T23:00:00+00:00,2022-01-06T22:00:00+00:00,2022-01-05T18:00:00-05:00,2022-01-06T17:00:00-05:00,False,False,,1380,390,1380,1380,0,0,0,0,0,0,1,MNQH2,0,,,0,pass,True,none,
2022-01-07,development,True,2022-01-06T23:00:00+00:00,2022-01-07T22:00:00+00:00,2022-01-06T18:00:00-05:00,2022-01-07T17:00:00-05:00,False,False,,1380,390,1380,1380,0,0,0,0,0,0,1,MNQH2,0,,,0,pass,True,none,
2022-01-10,development,True,2022-01-09T23:00:00+00:00,2022-01-10T22:00:00+00:00,2022-01-09T18:00:00-05:00,2022-01-10T17:00:00-05:00,False,False,,1380,390,1380,1380,0,0,0,0,0,0,1,MNQH2,0,,,0,pass,True,none,
2022-01-11,development,True,2022-01-10T23:00:00+00:00,2022-01-11T22:00:00+00:00,2022-01-10T18:00:00-05:00,2022-01-11T17:00:00-05:00,False,False,,1380,390,1380,1380,0,0,0,0,0,0,1,MNQH2,0,,,0,pass,True,none,
2022-01-12,development,True,2022-01-11T23:00:00+00:00,2022-01-12T22:00:00+00:00,2022-01-11T18:00:00-05:00,2022-01-12T17:00:00-05:00,False,False,,1380,390,1380,1380,0,0,0,0,0,0,1,MNQH2,0,,,0,pass,True,none,
2022-01-13,development,True,2022-01-12T23:00:00+00:00,2022-01-13T22:00:00+00:00,2022-01-12T18:00:00-05:00,2022-01-13T17:00:00-05:00,False,False,,1380,390,1380,1380,0,0,0,0,0,0,1,MNQH2,0,,,0,pass,True,none,
2022-01-14,development,True,2022-01-13T23:00:00+00:00,2022-01-14T22:00:00+00:00,2022-01-13T18:00:00-05:00,2022-01-14T17:00:00-05:00,False,False,,1380,390,1380,1380,0,0,0,0,0,0,1,MNQH2,0,,,0,pass,True,none,
2022-01-17,development,True,2022-01-16T23:00:00+00:00,2022-01-17T18:00:00+00:00,2022-01-16T18:00:00-05:00,2022-01-17T13:00:00-05:00,True,False,,1140,210,1141,1141,0,0,1,0,0,0,1,MNQH2,0,,,0,excluded,False,high,timestamps_outside_expected_session
2022-01-18,development,True,2022-01-17T23:00:00+00:00,2022-01-18T22:00:00+00:00,2022-01-17T18:00:00-05:00,2022-01-18T17:00:00-05:00,False,False,,1380,390,1380,1380,0,0,0,0,0,0,1,MNQH2,0,,,0,pass,True,none,
2022-01-19,development,True,2022-01-18T23:00:00+00:00,2022-01-19T22:00:00+00:00,2022-01-18T18:00:00-05:00,2022-01-19T17:00:00-05:00,False,False,,1380,390,1380,1380,0,0,0,0,0,0,1,MNQH2,0,,,0,pass,True,none,
2022-01-20,development,True,2022-01-19T23:00:00+00:00,2022-01-20T22:00:00+00:00,2022-01-19T18:00:00-05:00,2022-01-20T17:00:00-05:00,False,False,,1380,390,1380,1380,0,0,0,0,0,0,1,MNQH2,0,,,0,pass,True,none,
2022-01-21,development,True,2022-01-20T23:00:00+00:00,2022-01-21T22:00:00+00:00,2022-01-20T18:00:00-05:00,2022-01-21T17:00:00-05:00,False,False,,1380,390,1380,1380,0,0,0,0,0,0,1,MNQH2,0,,,0,pass,True,none,
2022-01-24,development,True,2022-01-23T23:00:00+00:00,2022-01-24T22:00:00+00:00,2022-01-23T18:00:00-05:00,2022-01-24T17:00:00-05:00,False,False,,1380,390,1380,1380,0,0,0,0,0,0,1,MNQH2,0,,,0,pass,True,none,
2022-01-25,development,True,2022-01-24T23:00:00+00:00,2022-01-25T22:00:00+00:00,2022-01-24T18:00:00-05:00,2022-01-25T17:00:00-05:00,False,False,,1380,390,1380,1380,0,0,0,0,0,0,1,MNQH2,0,,,0,pass,True,none,
2022-01-26,development,True,2022-01-25T23:00:00+00:00,2022-01-26T22:00:00+00:00,2022-01-25T18:00:00-05:00,2022-01-26T17:00:00-05:00,False,False,,1380,390,1380,1380,0,0,0,0,0,0,1,MNQH2,0,,,0,pass,True,none,
2022-01-27,development,True,2022-01-26T23:00:00+00:00,2022-01-27T22:00:00+00:00,2022-01-26T18:00:00-05:00,2022-01-27T17:00:00-05:00,False,False,,1380,390,1380,1380,0,0,0,0,0,0,1,MNQH2,0,,,0,pass,True,none,
2022-01-28,development,True,2022-01-27T23:00:00+00:00,2022-01-28T22:00:00+00:00,2022-01-27T18:00:00-05:00,2022-01-28T17:00:00-05:00,False,False,,1380,390,1380,1380,0,0,0,0,0,0,1,MNQH2,0,,,0,pass,True,none,
2022-01-31,development,True,2022-01-30T23:00:00+00:00,2022-01-31T22:00:00+00:00,2022-01-30T18:00:00-05:00,2022-01-31T17:00:00-05:00,False,False,,1380,390,1380,1380,0,0,0,0,0,0,1,MNQH2,0,,,0,pass,True,none,
2022-02-01,development,True,2022-01-31T23:00:00+00:00,2022-02-01T22:00:00+00:00,2022-01-31T18:00:00-05:00,2022-02-01T17:00:00-05:00,False,False,,1380,390,1380,1380,0,0,0,0,0,0,1,MNQH2,0,,,0,pass,True,none,
2022-02-02,development,True,2022-02-01T23:00:00+00:00,2022-02-02T22:00:00+00:00,2022-02-01T18:00:00-05:00,2022-02-02T17:00:00-05:00,False,False,,1380,390,1380,1380,0,0,0,0,0,0,1,MNQH2,0,,,0,pass,True,none,
2022-02-03,development,True,2022-02-02T23:00:00+00:00,2022-02-03T22:00:00+00:00,2022-02-02T18:00:00-05:00,2022-02-03T17:00:00-05:00,False,False,,1380,390,1379,1379,1,0,0,0,0,0,1,MNQH2,0,2022-02-03T02:31:00+00:00,2022-02-03T02:31:00+00:00,1,excluded,False,high,missing_expected_minutes
2022-02-04,development,True,2022-02-03T23:00:00+00:00,2022-02-04T22:00:00+00:00,2022-02-03T18:00:00-05:00,2022-02-04T17:00:00-05:00,False,False,,1380,390,1380,1380,0,0,0,0,0,0,1,MNQH2,0,,,0,pass,True,none,
2022-02-07,development,True,2022-02-06T23:00:00+00:00,2022-02-07T22:00:00+00:00,2022-02-06T18:00:00-05:00,2022-02-07T17:00:00-05:00,False,False,,1380,390,1380,1380,0,0,0,0,0,0,1,MNQH2,0,,,0,pass,True,none,
2022-02-08,development,True,2022-02-07T23:00:00+00:00,2022-02-08T22:00:00+00:00,2022-02-07T18:00:00-05:00,2022-02-08T17:00:00-05:00,False,False,,1380,390,1380,1380,0,0,0,0,0,0,1,MNQH2,0,,,0,pass,True,none,
2022-02-09,development,True,2022-02-08T23:00:00+00:00,2022-02-09T22:00:00+00:00,2022-02-08T18:00:00-05:00,2022-02-09T17:00:00-05:00,False,False,,1380,390,1380,1380,0,0,0,0,0,0,1,MNQH2,0,,,0,pass,True,none,
2022-02-10,development,True,2022-02-09T23:00:00+00:00,2022-02-10T22:00:00+00:00,2022-02-09T18:00:00-05:00,2022-02-10T17:00:00-05:00,False,False,,1380,390,1380,1380,0,0,0,0,0,0,1,MNQH2,0,,,0,pass,True,none,
2022-02-11,development,True,2022-02-10T23:00:00+00:00,2022-02-11T22:00:00+00:00,2022-02-10T18:00:00-05:00,2022-02-11T17:00:00-05:00,False,False,,1380,390,1380,1380,0,0,0,0,0,0,1,MNQH2,0,,,0,pass,True,none,
2022-02-14,development,True,2022-02-13T23:00:00+00:00,2022-02-14T22:00:00+00:00,2022-02-13T18:00:00-05:00,2022-02-14T17:00:00-05:00,False,False,,1380,390,1380,1380,0,0,0,0,0,0,1,MNQH2,0,,,0,pass,True,none,
2022-02-15,development,True,2022-02-14T23:00:00+00:00,2022-02-15T22:00:00+00:00,2022-02-14T18:00:00-05:00,2022-02-15T17:00:00-05:00,False,False,,1380,390,1380,1380,0,0,0,0,0,0,1,MNQH2,0,,,0,pass,True,none,
2022-02-16,development,True,2022-02-15T23:00:00+00:00,2022-02-16T22:00:00+00:00,2022-02-15T18:00:00-05:00,2022-02-16T17:00:00-05:00,False,False,,1380,390,1380,1380,0,0,0,0,0,0,1,MNQH2,0,,,0,pass,True,none,
2022-02-17,development,True,2022-02-16T23:00:00+00:00,2022-02-17T22:00:00+00:00,2022-02-16T18:00:00-05:00,2022-02-17T17:00:00-05:00,False,False,,1380,390,1380,1380,0,0,0,0,0,0,1,MNQH2,0,,,0,pass,True,none,
2022-02-18,development,True,2022-02-17T23:00:00+00:00,2022-02-18T22:00:00+00:00,2022-02-17T18:00:00-05:00,2022-02-18T17:00:00-05:00,False,False,,1380,390,1380,1380,0,0,0,0,0,0,1,MNQH2,0,,,0,pass,True,none,
2022-02-21,development,True,2022-02-20T23:00:00+00:00,2022-02-21T18:00:00+00:00,2022-02-20T18:00:00-05:00,2022-02-21T13:00:00-05:00,True,False,,1140,210,1140,1140,0,0,0,0,0,0,1,MNQH2,0,,,0,pass,True,none,
2022-02-22,development,True,2022-02-21T23:00:00+00:00,2022-02-22T22:00:00+00:00,2022-02-21T18:00:00-05:00,2022-02-22T17:00:00-05:00,False,False,,1380,390,1380,1380,0,0,0,0,0,0,1,MNQH2,0,,,0,pass,True,none,
2022-02-23,development,True,2022-02-22T23:00:00+00:00,2022-02-23T22:00:00+00:00,2022-02-22T18:00:00-05:00,2022-02-23T17:00:00-05:00,False,False,,1380,390,1380,1380,0,0,0,0,0,0,1,MNQH2,0,,,0,pass,True,none,
2022-02-24,development,True,2022-02-23T23:00:00+00:00,2022-02-24T22:00:00+00:00,2022-02-23T18:00:00-05:00,2022-02-24T17:00:00-05:00,False,False,,1380,390,1380,1380,0,0,0,0,0,0,1,MNQH2,0,,,0,pass,True,none,
2022-02-25,development,True,2022-02-24T23:00:00+00:00,2022-02-25T22:00:00+00:00,2022-02-24T18:00:00-05:00,2022-02-25T17:00:00-05:00,False,False,,1380,390,1380,1380,0,0,0,0,0,0,1,MNQH2,0,,,0,pass,True,none,
2022-02-28,development,True,2022-02-27T23:00:00+00:00,2022-02-28T22:00:00+00:00,2022-02-27T18:00:00-05:00,2022-02-28T17:00:00-05:00,False,False,,1380,390,1380,1380,0,0,0,0,0,0,1,MNQH2,0,,,0,pass,True,none,
2022-03-01,development,True,2022-02-28T23:00:00+00:00,2022-03-01T22:00:00+00:00,2022-02-28T18:00:00-05:00,2022-03-01T17:00:00-05:00,False,False,,1380,390,1380,1380,0,0,0,0,0,0,1,MNQH2,0,,,0,pass,True,none,
2022-03-02,development,True,2022-03-01T23:00:00+00:00,2022-03-02T22:00:00+00:00,2022-03-01T18:00:00-05:00,2022-03-02T17:00:00-05:00,False,False,,1380,390,1357,1357,23,23,0,0,0,0,1,MNQH2,0,2022-03-02T19:31:00+00:00,2022-03-02T19:53:00+00:00,23,excluded,False,high,missing_expected_minutes
2022-03-03,development,True,2022-03-02T23:00:00+00:00,2022-03-03T22:00:00+00:00,2022-03-02T18:00:00-05:00,2022-03-03T17:00:00-05:00,False,False,,1380,390,1380,1380,0,0,0,0,0,0,1,MNQH2,0,,,0,pass,True,none,
2022-03-04,development,True,2022-03-03T23:00:00+00:00,2022-03-04T22:00:00+00:00,2022-03-03T18:00:00-05:00,2022-03-04T17:00:00-05:00,False,False,,1380,390,1380,1380,0,0,0,0,0,0,1,MNQH2,0,,,0,pass,True,none,
2022-03-07,development,True,2022-03-06T23:00:00+00:00,2022-03-07T22:00:00+00:00,2022-03-06T18:00:00-05:00,2022-03-07T17:00:00-05:00,False,False,,1380,390,1380,1380,0,0,0,0,0,0,1,MNQH2,0,,,0,pass,True,none,
2022-03-08,development,True,2022-03-07T23:00:00+00:00,2022-03-08T22:00:00+00:00,2022-03-07T18:00:00-05:00,2022-03-08T17:00:00-05:00,False,False,,1380,390,1380,1380,0,0,0,0,0,0,1,MNQH2,0,,,0,pass,True,none,
2022-03-09,development,True,2022-03-08T23:00:00+00:00,2022-03-09T22:00:00+00:00,2022-03-08T18:00:00-05:00,2022-03-09T17:00:00-05:00,False,False,,1380,390,1380,1380,0,0,0,0,0,0,1,MNQH2,0,,,0,pass,True,none,
2022-03-10,development,True,2022-03-09T23:00:00+00:00,2022-03-10T22:00:00+00:00,2022-03-09T18:00:00-05:00,2022-03-10T17:00:00-05:00,False,False,,1380,390,1380,1380,0,0,0,0,0,0,1,MNQH2,0,,,0,pass,True,none,
2022-03-11,development,True,2022-03-10T23:00:00+00:00,2022-03-11T22:00:00+00:00,2022-03-10T18:00:00-05:00,2022-03-11T17:00:00-05:00,False,False,,1380,390,1380,1380,0,0,0,0,0,0,1,MNQH2,0,,,0,pass,True,none,
2022-03-14,development,True,2022-03-13T22:00:00+00:00,2022-03-14T21:00:00+00:00,2022-03-13T18:00:00-04:00,2022-03-14T17:00:00-04:00,False,False,,1380,390,1380,1380,0,0,0,0,0,0,1,MNQH2,0,,,0,pass,True,none,
2022-03-15,development,True,2022-03-14T22:00:00+00:00,2022-03-15T21:00:00+00:00,2022-03-14T18:00:00-04:00,2022-03-15T17:00:00-04:00,False,False,,1380,390,1380,1380,0,0,0,0,0,0,1,MNQH2,0,,,0,pass,True,none,
2022-03-16,development,True,2022-03-15T22:00:00+00:00,2022-03-16T21:00:00+00:00,2022-03-15T18:00:00-04:00,2022-03-16T17:00:00-04:00,False,False,,1380,390,1380,1380,0,0,0,0,0,0,2,MNQH2|MNQM2,1,,,0,excluded,False,high,multiple_contracts_within_session|roll_boundary_session
2022-03-17,development,True,2022-03-16T22:00:00+00:00,2022-03-17T21:00:00+00:00,2022-03-16T18:00:00-04:00,2022-03-17T17:00:00-04:00,False,False,,1380,390,1380,1380,0,0,0,0,0,0,1,MNQM2,0,,,0,pass,True,none,
2022-03-18,development,True,2022-03-17T22:00:00+00:00,2022-03-18T21:00:00+00:00,2022-03-17T18:00:00-04:00,2022-03-18T17:00:00-04:00,False,False,,1380,390,1380,1380,0,0,0,0,0,0,1,MNQM2,0,,,0,pass,True,none,
2022-03-21,development,True,2022-03-20T22:00:00+00:00,2022-03-21T21:00:00+00:00,2022-03-20T18:00:00-04:00,2022-03-21T17:00:00-04:00,False,False,,1380,390,1380,1380,0,0,0,0,0,0,1,MNQM2,0,,,0,pass,True,none,
2022-03-22,development,True,2022-03-21T22:00:00+00:00,2022-03-22T21:00:00+00:00,2022-03-21T18:00:00-04:00,2022-03-22T17:00:00-04:00,False,False,,1380,390,1380,1380,0,0,0,0,0,0,1,MNQM2,0,,,0,pass,True,none,
2022-03-23,development,True,2022-03-22T22:00:00+00:00,2022-03-23T21:00:00+00:00,2022-03-22T18:00:00-04:00,2022-03-23T17:00:00-04:00,False,False,,1380,390,1380,1380,0,0,0,0,0,0,1,MNQM2,0,,,0,pass,True,none,
2022-03-24,development,True,2022-03-23T22:00:00+00:00,2022-03-24T21:00:00+00:00,2022-03-23T18:00:00-04:00,2022-03-24T17:00:00-04:00,False,False,,1380,390,1380,1380,0,0,0,0,0,0,1,MNQM2,0,,,0,pass,True,none,
2022-03-25,development,True,2022-03-24T22:00:00+00:00,2022-03-25T21:00:00+00:00,2022-03-24T18:00:00-04:00,2022-03-25T17:00:00-04:00,False,False,,1380,390,1380,1380,0,0,0,0,0,0,1,MNQM2,0,,,0,pass,True,none,
2022-03-28,development,True,2022-03-27T22:00:00+00:00,2022-03-28T21:00:00+00:00,2022-03-27T18:00:00-04:00,2022-03-28T17:00:00-04:00,False,False,,1380,390,1380,1380,0,0,0,0,0,0,1,MNQM2,0,,,0,pass,True,none,
2022-03-29,development,True,2022-03-28T22:00:00+00:00,2022-03-29T21:00:00+00:00,2022-03-28T18:00:00-04:00,2022-03-29T17:00:00-04:00,False,False,,1380,390,1380,1380,0,0,0,0,0,0,1,MNQM2,0,,,0,pass,True,none,
2022-03-30,development,True,2022-03-29T22:00:00+00:00,2022-03-30T21:00:00+00:00,2022-03-29T18:00:00-04:00,2022-03-30T17:00:00-04:00,False,False,,1380,390,1380,1380,0,0,0,0,0,0,1,MNQM2,0,,,0,pass,True,none,
2022-03-31,development,True,2022-03-30T22:00:00+00:00,2022-03-31T21:00:00+00:00,2022-03-30T18:00:00-04:00,2022-03-31T17:00:00-04:00,False,False,,1380,390,1380,1380,0,0,0,0,0,0,1,MNQM2,0,,,0,pass,True,none,
2022-04-01,development,True,2022-03-31T22:00:00+00:00,2022-04-01T21:00:00+00:00,2022-03-31T18:00:00-04:00,2022-04-01T17:00:00-04:00,False,False,,1380,390,1380,1380,0,0,0,0,0,0,1,MNQM2,0,,,0,pass,True,none,
2022-04-04,development,True,2022-04-03T22:00:00+00:00,2022-04-04T21:00:00+00:00,2022-04-03T18:00:00-04:00,2022-04-04T17:00:00-04:00,False,False,,1380,390,1380,1380,0,0,0,0,0,0,1,MNQM2,0,,,0,pass,True,none,
2022-04-05,development,True,2022-04-04T22:00:00+00:00,2022-04-05T21:00:00+00:00,2022-04-04T18:00:00-04:00,2022-04-05T17:00:00-04:00,False,False,,1380,390,1380,1380,0,0,0,0,0,0,1,MNQM2,0,,,0,pass,True,none,
2022-04-06,development,True,2022-04-05T22:00:00+00:00,2022-04-06T21:00:00+00:00,2022-04-05T18:00:00-04:00,2022-04-06T17:00:00-04:00,False,False,,1380,390,1380,1380,0,0,0,0,0,0,1,MNQM2,0,,,0,pass,True,none,
2022-04-07,development,True,2022-04-06T22:00:00+00:00,2022-04-07T21:00:00+00:00,2022-04-06T18:00:00-04:00,2022-04-07T17:00:00-04:00,False,False,,1380,390,1380,1380,0,0,0,0,0,0,1,MNQM2,0,,,0,pass,True,none,
2022-04-08,development,True,2022-04-07T22:00:00+00:00,2022-04-08T21:00:00+00:00,2022-04-07T18:00:00-04:00,2022-04-08T17:00:00-04:00,False,False,,1380,390,1380,1380,0,0,0,0,0,0,1,MNQM2,0,,,0,pass,True,none,
2022-04-11,development,True,2022-04-10T22:00:00+00:00,2022-04-11T21:00:00+00:00,2022-04-10T18:00:00-04:00,2022-04-11T17:00:00-04:00,False,False,,1380,390,1380,1380,0,0,0,0,0,0,1,MNQM2,0,,,0,pass,True,none,
2022-04-12,development,True,2022-04-11T22:00:00+00:00,2022-04-12T21:00:00+00:00,2022-04-11T18:00:00-04:00,2022-04-12T17:00:00-04:00,False,False,,1380,390,1380,1380,0,0,0,0,0,0,1,MNQM2,0,,,0,pass,True,none,
2022-04-13,development,True,2022-04-12T22:00:00+00:00,2022-04-13T21:00:00+00:00,2022-04-12T18:00:00-04:00,2022-04-13T17:00:00-04:00,False,False,,1380,390,1380,1380,0,0,0,0,0,0,1,MNQM2,0,,,0,pass,True,none,
2022-04-14,development,True,2022-04-13T22:00:00+00:00,2022-04-14T21:00:00+00:00,2022-04-13T18:00:00-04:00,2022-04-14T17:00:00-04:00,False,False,,1380,390,1380,1380,0,0,0,0,0,0,1,MNQM2,0,,,0,pass,True,none,
2022-04-18,development,True,2022-04-17T22:00:00+00:00,2022-04-18T21:00:00+00:00,2022-04-17T18:00:00-04:00,2022-04-18T17:00:00-04:00,False,False,,1380,390,1380,1380,0,0,0,0,0,0,1,MNQM2,0,,,0,pass,True,none,
2022-04-19,development,True,2022-04-18T22:00:00+00:00,2022-04-19T21:00:00+00:00,2022-04-18T18:00:00-04:00,2022-04-19T17:00:00-04:00,False,False,,1380,390,1380,1380,0,0,0,0,0,0,1,MNQM2,0,,,0,pass,True,none,
2022-04-20,development,True,2022-04-19T22:00:00+00:00,2022-04-20T21:00:00+00:00,2022-04-19T18:00:00-04:00,2022-04-20T17:00:00-04:00,False,False,,1380,390,1380,1380,0,0,0,0,0,0,1,MNQM2,0,,,0,pass,True,none,
2022-04-21,development,True,2022-04-20T22:00:00+00:00,2022-04-21T21:00:00+00:00,2022-04-20T18:00:00-04:00,2022-04-21T17:00:00-04:00,False,False,,1380,390,1380,1380,0,0,0,0,0,0,1,MNQM2,0,,,0,pass,True,none,
2022-04-22,development,True,2022-04-21T22:00:00+00:00,2022-04-22T21:00:00+00:00,2022-04-21T18:00:00-04:00,2022-04-22T17:00:00-04:00,False,False,,1380,390,1380,1380,0,0,0,0,0,0,1,MNQM2,0,,,0,pass,True,none,
2022-04-25,development,True,2022-04-24T22:00:00+00:00,2022-04-25T21:00:00+00:00,2022-04-24T18:00:00-04:00,2022-04-25T17:00:00-04:00,False,False,,1380,390,1380,1380,0,0,0,0,0,0,1,MNQM2,0,,,0,pass,True,none,
2022-04-26,development,True,2022-04-25T22:00:00+00:00,2022-04-26T21:00:00+00:00,2022-04-25T18:00:00-04:00,2022-04-26T17:00:00-04:00,False,False,,1380,390,1380,1380,0,0,0,0,0,0,1,MNQM2,0,,,0,pass,True,none,
2022-04-27,development,True,2022-04-26T22:00:00+00:00,2022-04-27T21:00:00+00:00,2022-04-26T18:00:00-04:00,2022-04-27T17:00:00-04:00,False,False,,1380,390,1380,1380,0,0,0,0,0,0,1,MNQM2,0,,,0,pass,True,none,
2022-04-28,development,True,2022-04-27T22:00:00+00:00,2022-04-28T21:00:00+00:00,2022-04-27T18:00:00-04:00,2022-04-28T17:00:00-04:00,False,False,,1380,390,1380,1380,0,0,0,0,0,0,1,MNQM2,0,,,0,pass,True,none,
2022-04-29,development,True,2022-04-28T22:00:00+00:00,2022-04-29T21:00:00+00:00,2022-04-28T18:00:00-04:00,2022-04-29T17:00:00-04:00,False,False,,1380,390,1380,1380,0,0,0,0,0,0,1,MNQM2,0,,,0,pass,True,none,
2022-05-02,development,True,2022-05-01T22:00:00+00:00,2022-05-02T21:00:00+00:00,2022-05-01T18:00:00-04:00,2022-05-02T17:00:00-04:00,False,False,,1380,390,1380,1380,0,0,0,0,0,0,1,MNQM2,0,,,0,pass,True,none,
2022-05-03,development,True,2022-05-02T22:00:00+00:00,2022-05-03T21:00:00+00:00,2022-05-02T18:00:00-04:00,2022-05-03T17:00:00-04:00,False,False,,1380,390,1380,1380,0,0,0,0,0,0,1,MNQM2,0,,,0,pass,True,none,
2022-05-04,development,True,2022-05-03T22:00:00+00:00,2022-05-04T21:00:00+00:00,2022-05-03T18:00:00-04:00,2022-05-04T17:00:00-04:00,False,False,,1380,390,1380,1380,0,0,0,0,0,0,1,MNQM2,0,,,0,pass,True,none,
2022-05-05,development,True,2022-05-04T22:00:00+00:00,2022-05-05T21:00:00+00:00,2022-05-04T18:00:00-04:00,2022-05-05T17:00:00-04:00,False,False,,1380,390,1380,1380,0,0,0,0,0,0,1,MNQM2,0,,,0,pass,True,none,
2022-05-06,development,True,2022-05-05T22:00:00+00:00,2022-05-06T21:00:00+00:00,2022-05-05T18:00:00-04:00,2022-05-06T17:00:00-04:00,False,False,,1380,390,1380,1380,0,0,0,0,0,0,1,MNQM2,0,,,0,pass,True,none,
2022-05-09,development,True,2022-05-08T22:00:00+00:00,2022-05-09T21:00:00+00:00,2022-05-08T18:00:00-04:00,2022-05-09T17:00:00-04:00,False,False,,1380,390,1380,1380,0,0,0,0,0,0,1,MNQM2,0,,,0,pass,True,none,
2022-05-10,development,True,2022-05-09T22:00:00+00:00,2022-05-10T21:00:00+00:00,2022-05-09T18:00:00-04:00,2022-05-10T17:00:00-04:00,False,False,,1380,390,1380,1380,0,0,0,0,0,0,1,MNQM2,0,,,0,pass,True,none,
2022-05-11,development,True,2022-05-10T22:00:00+00:00,2022-05-11T21:00:00+00:00,2022-05-10T18:00:00-04:00,2022-05-11T17:00:00-04:00,False,False,,1380,390,1380,1380,0,0,0,0,0,0,1,MNQM2,0,,,0,pass,True,none,
2022-05-12,development,True,2022-05-11T22:00:00+00:00,2022-05-12T21:00:00+00:00,2022-05-11T18:00:00-04:00,2022-05-12T17:00:00-04:00,False,False,,1380,390,1380,1380,0,0,0,0,0,0,1,MNQM2,0,,,0,pass,True,none,
2022-05-13,development,True,2022-05-12T22:00:00+00:00,2022-05-13T21:00:00+00:00,2022-05-12T18:00:00-04:00,2022-05-13T17:00:00-04:00,False,False,,1380,390,1380,1380,0,0,0,0,0,0,1,MNQM2,0,,,0,pass,True,none,
2022-05-16,development,True,2022-05-15T22:00:00+00:00,2022-05-16T21:00:00+00:00,2022-05-15T18:00:00-04:00,2022-05-16T17:00:00-04:00,False,False,,1380,390,1380,1380,0,0,0,0,0,0,1,MNQM2,0,,,0,pass,True,none,
2022-05-17,development,True,2022-05-16T22:00:00+00:00,2022-05-17T21:00:00+00:00,2022-05-16T18:00:00-04:00,2022-05-17T17:00:00-04:00,False,False,,1380,390,1380,1380,0,0,0,0,0,0,1,MNQM2,0,,,0,pass,True,none,
2022-05-18,development,True,2022-05-17T22:00:00+00:00,2022-05-18T21:00:00+00:00,2022-05-17T18:00:00-04:00,2022-05-18T17:00:00-04:00,False,False,,1380,390,1380,1380,0,0,0,0,0,0,1,MNQM2,0,,,0,pass,True,none,
2022-05-19,development,True,2022-05-18T22:00:00+00:00,2022-05-19T21:00:00+00:00,2022-05-18T18:00:00-04:00,2022-05-19T17:00:00-04:00,False,False,,1380,390,1380,1380,0,0,0,0,0,0,1,MNQM2,0,,,0,pass,True,none,
2022-05-20,development,True,2022-05-19T22:00:00+00:00,2022-05-20T21:00:00+00:00,2022-05-19T18:00:00-04:00,2022-05-20T17:00:00-04:00,False,False,,1380,390,1380,1380,0,0,0,0,0,0,1,MNQM2,0,,,0,pass,True,none,
2022-05-23,development,True,2022-05-22T22:00:00+00:00,2022-05-23T21:00:00+00:00,2022-05-22T18:00:00-04:00,2022-05-23T17:00:00-04:00,False,False,,1380,390,1380,1380,0,0,0,0,0,0,1,MNQM2,0,,,0,pass,True,none,
2022-05-24,development,True,2022-05-23T22:00:00+00:00,2022-05-24T21:00:00+00:00,2022-05-23T18:00:00-04:00,2022-05-24T17:00:00-04:00,False,False,,1380,390,1380,1380,0,0,0,0,0,0,1,MNQM2,0,,,0,pass,True,none,
2022-05-25,development,True,2022-05-24T22:00:00+00:00,2022-05-25T21:00:00+00:00,2022-05-24T18:00:00-04:00,2022-05-25T17:00:00-04:00,False,False,,1380,390,1380,1380,0,0,0,0,0,0,1,MNQM2,0,,,0,pass,True,none,
2022-05-26,development,True,2022-05-25T22:00:00+00:00,2022-05-26T21:00:00+00:00,2022-05-25T18:00:00-04:00,2022-05-26T17:00:00-04:00,False,False,,1380,390,1380,1380,0,0,0,0,0,0,1,MNQM2,0,,,0,pass,True,none,
2022-05-27,development,True,2022-05-26T22:00:00+00:00,2022-05-27T21:00:00+00:00,2022-05-26T18:00:00-04:00,2022-05-27T17:00:00-04:00,False,False,,1380,390,1380,1380,0,0,0,0,0,0,1,MNQM2,0,,,0,pass,True,none,
2022-05-30,development,True,2022-05-29T22:00:00+00:00,2022-05-30T17:00:00+00:00,2022-05-29T18:00:00-04:00,2022-05-30T13:00:00-04:00,True,False,,1140,210,1140,1140,0,0,0,0,0,0,1,MNQM2,0,,,0,pass,True,none,
2022-05-31,development,True,2022-05-30T22:00:00+00:00,2022-05-31T21:00:00+00:00,2022-05-30T18:00:00-04:00,2022-05-31T17:00:00-04:00,False,False,,1380,390,1380,1380,0,0,0,0,0,0,1,MNQM2,0,,,0,pass,True,none,
2022-06-01,development,True,2022-05-31T22:00:00+00:00,2022-06-01T21:00:00+00:00,2022-05-31T18:00:00-04:00,2022-06-01T17:00:00-04:00,False,False,,1380,390,1380,1380,0,0,0,0,0,0,1,MNQM2,0,,,0,pass,True,none,
2022-06-02,development,True,2022-06-01T22:00:00+00:00,2022-06-02T21:00:00+00:00,2022-06-01T18:00:00-04:00,2022-06-02T17:00:00-04:00,False,False,,1380,390,1380,1380,0,0,0,0,0,0,1,MNQM2,0,,,0,pass,True,none,
2022-06-03,development,True,2022-06-02T22:00:00+00:00,2022-06-03T21:00:00+00:00,2022-06-02T18:00:00-04:00,2022-06-03T17:00:00-04:00,False,False,,1380,390,1380,1380,0,0,0,0,0,0,1,MNQM2,0,,,0,pass,True,none,
2022-06-06,development,True,2022-06-05T22:00:00+00:00,2022-06-06T21:00:00+00:00,2022-06-05T18:00:00-04:00,2022-06-06T17:00:00-04:00,False,False,,1380,390,1380,1380,0,0,0,0,0,0,1,MNQM2,0,,,0,pass,True,none,
2022-06-07,development,True,2022-06-06T22:00:00+00:00,2022-06-07T21:00:00+00:00,2022-06-06T18:00:00-04:00,2022-06-07T17:00:00-04:00,False,False,,1380,390,1380,1380,0,0,0,0,0,0,1,MNQM2,0,,,0,pass,True,none,
2022-06-08,development,True,2022-06-07T22:00:00+00:00,2022-06-08T21:00:00+00:00,2022-06-07T18:00:00-04:00,2022-06-08T17:00:00-04:00,False,False,,1380,390,1380,1380,0,0,0,0,0,0,1,MNQM2,0,,,0,pass,True,none,
2022-06-09,development,True,2022-06-08T22:00:00+00:00,2022-06-09T21:00:00+00:00,2022-06-08T18:00:00-04:00,2022-06-09T17:00:00-04:00,False,False,,1380,390,1380,1380,0,0,0,0,0,0,1,MNQM2,0,,,0,pass,True,none,
2022-06-10,development,True,2022-06-09T22:00:00+00:00,2022-06-10T21:00:00+00:00,2022-06-09T18:00:00-04:00,2022-06-10T17:00:00-04:00,False,False,,1380,390,1380,1380,0,0,0,0,0,0,1,MNQM2,0,,,0,pass,True,none,
2022-06-13,development,True,2022-06-12T22:00:00+00:00,2022-06-13T21:00:00+00:00,2022-06-12T18:00:00-04:00,2022-06-13T17:00:00-04:00,False,False,,1380,390,1380,1380,0,0,0,0,0,0,1,MNQM2,0,,,0,pass,True,none,
2022-06-14,development,True,2022-06-13T22:00:00+00:00,2022-06-14T21:00:00+00:00,2022-06-13T18:00:00-04:00,2022-06-14T17:00:00-04:00,False,False,,1380,390,1380,1380,0,0,0,0,0,0,1,MNQM2,0,,,0,pass,True,none,
2022-06-15,development,True,2022-06-14T22:00:00+00:00,2022-06-15T21:00:00+00:00,2022-06-14T18:00:00-04:00,2022-06-15T17:00:00-04:00,False,False,,1380,390,1380,1380,0,0,0,0,0,0,2,MNQM2|MNQU2,1,,,0,excluded,False,high,multiple_contracts_within_session|roll_boundary_session
2022-06-16,development,True,2022-06-15T22:00:00+00:00,2022-06-16T21:00:00+00:00,2022-06-15T18:00:00-04:00,2022-06-16T17:00:00-04:00,False,False,,1380,390,1380,1380,0,0,0,0,0,0,1,MNQU2,0,,,0,pass,True,none,
2022-06-17,development,True,2022-06-16T22:00:00+00:00,2022-06-17T21:00:00+00:00,2022-06-16T18:00:00-04:00,2022-06-17T17:00:00-04:00,False,False,,1380,390,1380,1380,0,0,0,0,0,0,1,MNQU2,0,,,0,pass,True,none,
2022-06-20,development,True,2022-06-19T22:00:00+00:00,2022-06-20T17:00:00+00:00,2022-06-19T18:00:00-04:00,2022-06-20T13:00:00-04:00,True,False,,1140,210,1140,1140,0,0,0,0,0,0,1,MNQU2,0,,,0,pass,True,none,
2022-06-21,development,True,2022-06-20T22:00:00+00:00,2022-06-21T21:00:00+00:00,2022-06-20T18:00:00-04:00,2022-06-21T17:00:00-04:00,False,False,,1380,390,1380,1380,0,0,0,0,0,0,1,MNQU2,0,,,0,pass,True,none,
2022-06-22,development,True,2022-06-21T22:00:00+00:00,2022-06-22T21:00:00+00:00,2022-06-21T18:00:00-04:00,2022-06-22T17:00:00-04:00,False,False,,1380,390,1380,1380,0,0,0,0,0,0,1,MNQU2,0,,,0,pass,True,none,
2022-06-23,development,True,2022-06-22T22:00:00+00:00,2022-06-23T21:00:00+00:00,2022-06-22T18:00:00-04:00,2022-06-23T17:00:00-04:00,False,False,,1380,390,1380,1380,0,0,0,0,0,0,1,MNQU2,0,,,0,pass,True,none,
2022-06-24,development,True,2022-06-23T22:00:00+00:00,2022-06-24T21:00:00+00:00,2022-06-23T18:00:00-04:00,2022-06-24T17:00:00-04:00,False,False,,1380,390,1380,1380,0,0,0,0,0,0,1,MNQU2,0,,,0,pass,True,none,
2022-06-27,development,True,2022-06-26T22:00:00+00:00,2022-06-27T21:00:00+00:00,2022-06-26T18:00:00-04:00,2022-06-27T17:00:00-04:00,False,False,,1380,390,1380,1380,0,0,0,0,0,0,1,MNQU2,0,,,0,pass,True,none,
2022-06-28,development,True,2022-06-27T22:00:00+00:00,2022-06-28T21:00:00+00:00,2022-06-27T18:00:00-04:00,2022-06-28T17:00:00-04:00,False,False,,1380,390,1380,1380,0,0,0,0,0,0,1,MNQU2,0,,,0,pass,True,none,
2022-06-29,development,True,2022-06-28T22:00:00+00:00,2022-06-29T21:00:00+00:00,2022-06-28T18:00:00-04:00,2022-06-29T17:00:00-04:00,False,False,,1380,390,1380,1380,0,0,0,0,0,0,1,MNQU2,0,,,0,pass,True,none,
2022-06-30,development,True,2022-06-29T22:00:00+00:00,2022-06-30T21:00:00+00:00,2022-06-29T18:00:00-04:00,2022-06-30T17:00:00-04:00,False,False,,1380,390,1380,1380,0,0,0,0,0,0,1,MNQU2,0,,,0,pass,True,none,
2022-07-01,development,True,2022-06-30T22:00:00+00:00,2022-07-01T21:00:00+00:00,2022-06-30T18:00:00-04:00,2022-07-01T17:00:00-04:00,False,False,,1380,390,1380,1380,0,0,0,0,0,0,1,MNQU2,0,,,0,pass,True,none,
2022-07-04,development,True,2022-07-03T22:00:00+00:00,2022-07-04T17:00:00+00:00,2022-07-03T18:00:00-04:00,2022-07-04T13:00:00-04:00,True,False,,1140,210,1140,1140,0,0,0,0,0,0,1,MNQU2,0,,,0,pass,True,none,
2022-07-05,development,True,2022-07-04T22:00:00+00:00,2022-07-05T21:00:00+00:00,2022-07-04T18:00:00-04:00,2022-07-05T17:00:00-04:00,False,False,,1380,390,1380,1380,0,0,0,0,0,0,1,MNQU2,0,,,0,pass,True,none,
2022-07-06,development,True,2022-07-05T22:00:00+00:00,2022-07-06T21:00:00+00:00,2022-07-05T18:00:00-04:00,2022-07-06T17:00:00-04:00,False,False,,1380,390,1380,1380,0,0,0,0,0,0,1,MNQU2,0,,,0,pass,True,none,
2022-07-07,development,True,2022-07-06T22:00:00+00:00,2022-07-07T21:00:00+00:00,2022-07-06T18:00:00-04:00,2022-07-07T17:00:00-04:00,False,False,,1380,390,1380,1380,0,0,0,0,0,0,1,MNQU2,0,,,0,pass,True,none,
2022-07-08,development,True,2022-07-07T22:00:00+00:00,2022-07-08T21:00:00+00:00,2022-07-07T18:00:00-04:00,2022-07-08T17:00:00-04:00,False,False,,1380,390,1380,1380,0,0,0,0,0,0,1,MNQU2,0,,,0,pass,True,none,
2022-07-11,development,True,2022-07-10T22:00:00+00:00,2022-07-11T21:00:00+00:00,2022-07-10T18:00:00-04:00,2022-07-11T17:00:00-04:00,False,False,,1380,390,1380,1380,0,0,0,0,0,0,1,MNQU2,0,,,0,pass,True,none,
2022-07-12,development,True,2022-07-11T22:00:00+00:00,2022-07-12T21:00:00+00:00,2022-07-11T18:00:00-04:00,2022-07-12T17:00:00-04:00,False,False,,1380,390,1380,1380,0,0,0,0,0,0,1,MNQU2,0,,,0,pass,True,none,
2022-07-13,development,True,2022-07-12T22:00:00+00:00,2022-07-13T21:00:00+00:00,2022-07-12T18:00:00-04:00,2022-07-13T17:00:00-04:00,False,False,,1380,390,1380,1380,0,0,0,0,0,0,1,MNQU2,0,,,0,pass,True,none,
2022-07-14,development,True,2022-07-13T22:00:00+00:00,2022-07-14T21:00:00+00:00,2022-07-13T18:00:00-04:00,2022-07-14T17:00:00-04:00,False,False,,1380,390,1380,1380,0,0,0,0,0,0,1,MNQU2,0,,,0,pass,True,none,
2022-07-15,development,True,2022-07-14T22:00:00+00:00,2022-07-15T21:00:00+00:00,2022-07-14T18:00:00-04:00,2022-07-15T17:00:00-04:00,False,False,,1380,390,1380,1380,0,0,0,0,0,0,1,MNQU2,0,,,0,pass,True,none,
2022-07-18,development,True,2022-07-17T22:00:00+00:00,2022-07-18T21:00:00+00:00,2022-07-17T18:00:00-04:00,2022-07-18T17:00:00-04:00,False,False,,1380,390,1380,1380,0,0,0,0,0,0,1,MNQU2,0,,,0,pass,True,none,
2022-07-19,development,True,2022-07-18T22:00:00+00:00,2022-07-19T21:00:00+00:00,2022-07-18T18:00:00-04:00,2022-07-19T17:00:00-04:00,False,False,,1380,390,1380,1380,0,0,0,0,0,0,1,MNQU2,0,,,0,pass,True,none,
2022-07-20,development,True,2022-07-19T22:00:00+00:00,2022-07-20T21:00:00+00:00,2022-07-19T18:00:00-04:00,2022-07-20T17:00:00-04:00,False,False,,1380,390,1380,1380,0,0,0,0,0,0,1,MNQU2,0,,,0,pass,True,none,
2022-07-21,development,True,2022-07-20T22:00:00+00:00,2022-07-21T21:00:00+00:00,2022-07-20T18:00:00-04:00,2022-07-21T17:00:00-04:00,False,False,,1380,390,1380,1380,0,0,0,0,0,0,1,MNQU2,0,,,0,pass,True,none,
2022-07-22,development,True,2022-07-21T22:00:00+00:00,2022-07-22T21:00:00+00:00,2022-07-21T18:00:00-04:00,2022-07-22T17:00:00-04:00,False,False,,1380,390,1380,1380,0,0,0,0,0,0,1,MNQU2,0,,,0,pass,True,none,
2022-07-25,development,True,2022-07-24T22:00:00+00:00,2022-07-25T21:00:00+00:00,2022-07-24T18:00:00-04:00,2022-07-25T17:00:00-04:00,False,False,,1380,390,1380,1380,0,0,0,0,0,0,1,MNQU2,0,,,0,pass,True,none,
2022-07-26,development,True,2022-07-25T22:00:00+00:00,2022-07-26T21:00:00+00:00,2022-07-25T18:00:00-04:00,2022-07-26T17:00:00-04:00,False,False,,1380,390,1380,1380,0,0,0,0,0,0,1,MNQU2,0,,,0,pass,True,none,
2022-07-27,development,True,2022-07-26T22:00:00+00:00,2022-07-27T21:00:00+00:00,2022-07-26T18:00:00-04:00,2022-07-27T17:00:00-04:00,False,False,,1380,390,1380,1380,0,0,0,0,0,0,1,MNQU2,0,,,0,pass,True,none,
2022-07-28,development,True,2022-07-27T22:00:00+00:00,2022-07-28T21:00:00+00:00,2022-07-27T18:00:00-04:00,2022-07-28T17:00:00-04:00,False,False,,1380,390,1380,1380,0,0,0,0,0,0,1,MNQU2,0,,,0,pass,True,none,
2022-07-29,development,True,2022-07-28T22:00:00+00:00,2022-07-29T21:00:00+00:00,2022-07-28T18:00:00-04:00,2022-07-29T17:00:00-04:00,False,False,,1380,390,1380,1380,0,0,0,0,0,0,1,MNQU2,0,,,0,pass,True,none,
2022-08-01,development,True,2022-07-31T22:00:00+00:00,2022-08-01T21:00:00+00:00,2022-07-31T18:00:00-04:00,2022-08-01T17:00:00-04:00,False,False,,1380,390,1380,1380,0,0,0,0,0,0,1,MNQU2,0,,,0,pass,True,none,
2022-08-02,development,True,2022-08-01T22:00:00+00:00,2022-08-02T21:00:00+00:00,2022-08-01T18:00:00-04:00,2022-08-02T17:00:00-04:00,False,False,,1380,390,1380,1380,0,0,0,0,0,0,1,MNQU2,0,,,0,pass,True,none,
2022-08-03,development,True,2022-08-02T22:00:00+00:00,2022-08-03T21:00:00+00:00,2022-08-02T18:00:00-04:00,2022-08-03T17:00:00-04:00,False,False,,1380,390,1380,1380,0,0,0,0,0,0,1,MNQU2,0,,,0,pass,True,none,
2022-08-04,development,True,2022-08-03T22:00:00+00:00,2022-08-04T21:00:00+00:00,2022-08-03T18:00:00-04:00,2022-08-04T17:00:00-04:00,False,False,,1380,390,1380,1380,0,0,0,0,0,0,1,MNQU2,0,,,0,pass,True,none,
2022-08-05,development,True,2022-08-04T22:00:00+00:00,2022-08-05T21:00:00+00:00,2022-08-04T18:00:00-04:00,2022-08-05T17:00:00-04:00,False,False,,1380,390,1380,1380,0,0,0,0,0,0,1,MNQU2,0,,,0,pass,True,none,
2022-08-08,development,True,2022-08-07T22:00:00+00:00,2022-08-08T21:00:00+00:00,2022-08-07T18:00:00-04:00,2022-08-08T17:00:00-04:00,False,False,,1380,390,1380,1380,0,0,0,0,0,0,1,MNQU2,0,,,0,pass,True,none,
2022-08-09,development,True,2022-08-08T22:00:00+00:00,2022-08-09T21:00:00+00:00,2022-08-08T18:00:00-04:00,2022-08-09T17:00:00-04:00,False,False,,1380,390,1380,1380,0,0,0,0,0,0,1,MNQU2,0,,,0,pass,True,none,
2022-08-10,development,True,2022-08-09T22:00:00+00:00,2022-08-10T21:00:00+00:00,2022-08-09T18:00:00-04:00,2022-08-10T17:00:00-04:00,False,False,,1380,390,1380,1380,0,0,0,0,0,0,1,MNQU2,0,,,0,pass,True,none,
2022-08-11,development,True,2022-08-10T22:00:00+00:00,2022-08-11T21:00:00+00:00,2022-08-10T18:00:00-04:00,2022-08-11T17:00:00-04:00,False,False,,1380,390,1380,1380,0,0,0,0,0,0,1,MNQU2,0,,,0,pass,True,none,
2022-08-12,development,True,2022-08-11T22:00:00+00:00,2022-08-12T21:00:00+00:00,2022-08-11T18:00:00-04:00,2022-08-12T17:00:00-04:00,False,False,,1380,390,1379,1379,1,0,0,0,0,0,1,MNQU2,0,2022-08-12T11:33:00+00:00,2022-08-12T11:33:00+00:00,1,excluded,False,high,missing_expected_minutes
2022-08-15,development,True,2022-08-14T22:00:00+00:00,2022-08-15T21:00:00+00:00,2022-08-14T18:00:00-04:00,2022-08-15T17:00:00-04:00,False,False,,1380,390,1380,1380,0,0,0,0,0,0,1,MNQU2,0,,,0,pass,True,none,
2022-08-16,development,True,2022-08-15T22:00:00+00:00,2022-08-16T21:00:00+00:00,2022-08-15T18:00:00-04:00,2022-08-16T17:00:00-04:00,False,False,,1380,390,1380,1380,0,0,0,0,0,0,1,MNQU2,0,,,0,pass,True,none,
2022-08-17,development,True,2022-08-16T22:00:00+00:00,2022-08-17T21:00:00+00:00,2022-08-16T18:00:00-04:00,2022-08-17T17:00:00-04:00,False,False,,1380,390,1380,1380,0,0,0,0,0,0,1,MNQU2,0,,,0,pass,True,none,
2022-08-18,development,True,2022-08-17T22:00:00+00:00,2022-08-18T21:00:00+00:00,2022-08-17T18:00:00-04:00,2022-08-18T17:00:00-04:00,False,False,,1380,390,1380,1380,0,0,0,0,0,0,1,MNQU2,0,,,0,pass,True,none,
2022-08-19,development,True,2022-08-18T22:00:00+00:00,2022-08-19T21:00:00+00:00,2022-08-18T18:00:00-04:00,2022-08-19T17:00:00-04:00,False,False,,1380,390,1380,1380,0,0,0,0,0,0,1,MNQU2,0,,,0,pass,True,none,
2022-08-22,development,True,2022-08-21T22:00:00+00:00,2022-08-22T21:00:00+00:00,2022-08-21T18:00:00-04:00,2022-08-22T17:00:00-04:00,False,False,,1380,390,1380,1380,0,0,0,0,0,0,1,MNQU2,0,,,0,pass,True,none,
2022-08-23,development,True,2022-08-22T22:00:00+00:00,2022-08-23T21:00:00+00:00,2022-08-22T18:00:00-04:00,2022-08-23T17:00:00-04:00,False,False,,1380,390,1380,1380,0,0,0,0,0,0,1,MNQU2,0,,,0,pass,True,none,
2022-08-24,development,True,2022-08-23T22:00:00+00:00,2022-08-24T21:00:00+00:00,2022-08-23T18:00:00-04:00,2022-08-24T17:00:00-04:00,False,False,,1380,390,1380,1380,0,0,0,0,0,0,1,MNQU2,0,,,0,pass,True,none,
2022-08-25,development,True,2022-08-24T22:00:00+00:00,2022-08-25T21:00:00+00:00,2022-08-24T18:00:00-04:00,2022-08-25T17:00:00-04:00,False,False,,1380,390,1380,1380,0,0,0,0,0,0,1,MNQU2,0,,,0,pass,True,none,
2022-08-26,development,True,2022-08-25T22:00:00+00:00,2022-08-26T21:00:00+00:00,2022-08-25T18:00:00-04:00,2022-08-26T17:00:00-04:00,False,False,,1380,390,1380,1380,0,0,0,0,0,0,1,MNQU2,0,,,0,pass,True,none,
2022-08-29,development,True,2022-08-28T22:00:00+00:00,2022-08-29T21:00:00+00:00,2022-08-28T18:00:00-04:00,2022-08-29T17:00:00-04:00,False,False,,1380,390,1380,1380,0,0,0,0,0,0,1,MNQU2,0,,,0,pass,True,none,
2022-08-30,development,True,2022-08-29T22:00:00+00:00,2022-08-30T21:00:00+00:00,2022-08-29T18:00:00-04:00,2022-08-30T17:00:00-04:00,False,False,,1380,390,1380,1380,0,0,0,0,0,0,1,MNQU2,0,,,0,pass,True,none,
2022-08-31,development,True,2022-08-30T22:00:00+00:00,2022-08-31T21:00:00+00:00,2022-08-30T18:00:00-04:00,2022-08-31T17:00:00-04:00,False,False,,1380,390,1380,1380,0,0,0,0,0,0,1,MNQU2,0,,,0,pass,True,none,
2022-09-01,development,True,2022-08-31T22:00:00+00:00,2022-09-01T21:00:00+00:00,2022-08-31T18:00:00-04:00,2022-09-01T17:00:00-04:00,False,False,,1380,390,1380,1380,0,0,0,0,0,0,1,MNQU2,0,,,0,pass,True,none,
2022-09-02,development,True,2022-09-01T22:00:00+00:00,2022-09-02T21:00:00+00:00,2022-09-01T18:00:00-04:00,2022-09-02T17:00:00-04:00,False,False,,1380,390,1380,1380,0,0,0,0,0,0,1,MNQU2,0,,,0,pass,True,none,
2022-09-05,development,True,2022-09-04T22:00:00+00:00,2022-09-05T17:00:00+00:00,2022-09-04T18:00:00-04:00,2022-09-05T13:00:00-04:00,True,False,,1140,210,1140,1140,0,0,0,0,0,0,1,MNQU2,0,,,0,pass,True,none,
2022-09-06,development,True,2022-09-05T22:00:00+00:00,2022-09-06T21:00:00+00:00,2022-09-05T18:00:00-04:00,2022-09-06T17:00:00-04:00,False,False,,1380,390,1380,1380,0,0,0,0,0,0,1,MNQU2,0,,,0,pass,True,none,
2022-09-07,development,True,2022-09-06T22:00:00+00:00,2022-09-07T21:00:00+00:00,2022-09-06T18:00:00-04:00,2022-09-07T17:00:00-04:00,False,False,,1380,390,1380,1380,0,0,0,0,0,0,1,MNQU2,0,,,0,pass,True,none,
2022-09-08,development,True,2022-09-07T22:00:00+00:00,2022-09-08T21:00:00+00:00,2022-09-07T18:00:00-04:00,2022-09-08T17:00:00-04:00,False,False,,1380,390,1380,1380,0,0,0,0,0,0,1,MNQU2,0,,,0,pass,True,none,
2022-09-09,development,True,2022-09-08T22:00:00+00:00,2022-09-09T21:00:00+00:00,2022-09-08T18:00:00-04:00,2022-09-09T17:00:00-04:00,False,False,,1380,390,1380,1380,0,0,0,0,0,0,1,MNQU2,0,,,0,pass,True,none,
2022-09-12,development,True,2022-09-11T22:00:00+00:00,2022-09-12T21:00:00+00:00,2022-09-11T18:00:00-04:00,2022-09-12T17:00:00-04:00,False,False,,1380,390,1380,1380,0,0,0,0,0,0,1,MNQU2,0,,,0,pass,True,none,
2022-09-13,development,True,2022-09-12T22:00:00+00:00,2022-09-13T21:00:00+00:00,2022-09-12T18:00:00-04:00,2022-09-13T17:00:00-04:00,False,False,,1380,390,1380,1380,0,0,0,0,0,0,1,MNQU2,0,,,0,pass,True,none,
2022-09-14,development,True,2022-09-13T22:00:00+00:00,2022-09-14T21:00:00+00:00,2022-09-13T18:00:00-04:00,2022-09-14T17:00:00-04:00,False,False,,1380,390,1380,1380,0,0,0,0,0,0,2,MNQU2|MNQZ2,1,,,0,excluded,False,high,multiple_contracts_within_session|roll_boundary_session
2022-09-15,development,True,2022-09-14T22:00:00+00:00,2022-09-15T21:00:00+00:00,2022-09-14T18:00:00-04:00,2022-09-15T17:00:00-04:00,False,False,,1380,390,1380,1380,0,0,0,0,0,0,1,MNQZ2,0,,,0,pass,True,none,
2022-09-16,development,True,2022-09-15T22:00:00+00:00,2022-09-16T21:00:00+00:00,2022-09-15T18:00:00-04:00,2022-09-16T17:00:00-04:00,False,False,,1380,390,1380,1380,0,0,0,0,0,0,1,MNQZ2,0,,,0,pass,True,none,
2022-09-19,development,True,2022-09-18T22:00:00+00:00,2022-09-19T21:00:00+00:00,2022-09-18T18:00:00-04:00,2022-09-19T17:00:00-04:00,False,False,,1380,390,1380,1380,0,0,0,0,0,0,1,MNQZ2,0,,,0,pass,True,none,
2022-09-20,development,True,2022-09-19T22:00:00+00:00,2022-09-20T21:00:00+00:00,2022-09-19T18:00:00-04:00,2022-09-20T17:00:00-04:00,False,False,,1380,390,1380,1380,0,0,0,0,0,0,1,MNQZ2,0,,,0,pass,True,none,
2022-09-21,development,True,2022-09-20T22:00:00+00:00,2022-09-21T21:00:00+00:00,2022-09-20T18:00:00-04:00,2022-09-21T17:00:00-04:00,False,False,,1380,390,1380,1380,0,0,0,0,0,0,1,MNQZ2,0,,,0,pass,True,none,
2022-09-22,development,True,2022-09-21T22:00:00+00:00,2022-09-22T21:00:00+00:00,2022-09-21T18:00:00-04:00,2022-09-22T17:00:00-04:00,False,False,,1380,390,1380,1380,0,0,0,0,0,0,1,MNQZ2,0,,,0,pass,True,none,
2022-09-23,development,True,2022-09-22T22:00:00+00:00,2022-09-23T21:00:00+00:00,2022-09-22T18:00:00-04:00,2022-09-23T17:00:00-04:00,False,False,,1380,390,1380,1380,0,0,0,0,0,0,1,MNQZ2,0,,,0,pass,True,none,
2022-09-26,development,True,2022-09-25T22:00:00+00:00,2022-09-26T21:00:00+00:00,2022-09-25T18:00:00-04:00,2022-09-26T17:00:00-04:00,False,False,,1380,390,1380,1380,0,0,0,0,0,0,1,MNQZ2,0,,,0,pass,True,none,
2022-09-27,development,True,2022-09-26T22:00:00+00:00,2022-09-27T21:00:00+00:00,2022-09-26T18:00:00-04:00,2022-09-27T17:00:00-04:00,False,False,,1380,390,1380,1380,0,0,0,0,0,0,1,MNQZ2,0,,,0,pass,True,none,
2022-09-28,development,True,2022-09-27T22:00:00+00:00,2022-09-28T21:00:00+00:00,2022-09-27T18:00:00-04:00,2022-09-28T17:00:00-04:00,False,False,,1380,390,1380,1380,0,0,0,0,0,0,1,MNQZ2,0,,,0,pass,True,none,
2022-09-29,development,True,2022-09-28T22:00:00+00:00,2022-09-29T21:00:00+00:00,2022-09-28T18:00:00-04:00,2022-09-29T17:00:00-04:00,False,False,,1380,390,1380,1380,0,0,0,0,0,0,1,MNQZ2,0,,,0,pass,True,none,
2022-09-30,development,True,2022-09-29T22:00:00+00:00,2022-09-30T21:00:00+00:00,2022-09-29T18:00:00-04:00,2022-09-30T17:00:00-04:00,False,False,,1380,390,1380,1380,0,0,0,0,0,0,1,MNQZ2,0,,,0,pass,True,none,
2022-10-03,development,True,2022-10-02T22:00:00+00:00,2022-10-03T21:00:00+00:00,2022-10-02T18:00:00-04:00,2022-10-03T17:00:00-04:00,False,False,,1380,390,1380,1380,0,0,0,0,0,0,1,MNQZ2,0,,,0,pass,True,none,
2022-10-04,development,True,2022-10-03T22:00:00+00:00,2022-10-04T21:00:00+00:00,2022-10-03T18:00:00-04:00,2022-10-04T17:00:00-04:00,False,False,,1380,390,1380,1380,0,0,0,0,0,0,1,MNQZ2,0,,,0,pass,True,none,
2022-10-05,development,True,2022-10-04T22:00:00+00:00,2022-10-05T21:00:00+00:00,2022-10-04T18:00:00-04:00,2022-10-05T17:00:00-04:00,False,False,,1380,390,1380,1380,0,0,0,0,0,0,1,MNQZ2,0,,,0,pass,True,none,
2022-10-06,development,True,2022-10-05T22:00:00+00:00,2022-10-06T21:00:00+00:00,2022-10-05T18:00:00-04:00,2022-10-06T17:00:00-04:00,False,False,,1380,390,1380,1380,0,0,0,0,0,0,1,MNQZ2,0,,,0,pass,True,none,
2022-10-07,development,True,2022-10-06T22:00:00+00:00,2022-10-07T21:00:00+00:00,2022-10-06T18:00:00-04:00,2022-10-07T17:00:00-04:00,False,False,,1380,390,1380,1380,0,0,0,0,0,0,1,MNQZ2,0,,,0,pass,True,none,
2022-10-10,development,True,2022-10-09T22:00:00+00:00,2022-10-10T21:00:00+00:00,2022-10-09T18:00:00-04:00,2022-10-10T17:00:00-04:00,False,False,,1380,390,1380,1380,0,0,0,0,0,0,1,MNQZ2,0,,,0,pass,True,none,
2022-10-11,development,True,2022-10-10T22:00:00+00:00,2022-10-11T21:00:00+00:00,2022-10-10T18:00:00-04:00,2022-10-11T17:00:00-04:00,False,False,,1380,390,1380,1380,0,0,0,0,0,0,1,MNQZ2,0,,,0,pass,True,none,
2022-10-12,development,True,2022-10-11T22:00:00+00:00,2022-10-12T21:00:00+00:00,2022-10-11T18:00:00-04:00,2022-10-12T17:00:00-04:00,False,False,,1380,390,1380,1380,0,0,0,0,0,0,1,MNQZ2,0,,,0,pass,True,none,
2022-10-13,development,True,2022-10-12T22:00:00+00:00,2022-10-13T21:00:00+00:00,2022-10-12T18:00:00-04:00,2022-10-13T17:00:00-04:00,False,False,,1380,390,1380,1380,0,0,0,0,0,0,1,MNQZ2,0,,,0,pass,True,none,
2022-10-14,development,True,2022-10-13T22:00:00+00:00,2022-10-14T21:00:00+00:00,2022-10-13T18:00:00-04:00,2022-10-14T17:00:00-04:00,False,False,,1380,390,1380,1380,0,0,0,0,0,0,1,MNQZ2,0,,,0,pass,True,none,
2022-10-17,development,True,2022-10-16T22:00:00+00:00,2022-10-17T21:00:00+00:00,2022-10-16T18:00:00-04:00,2022-10-17T17:00:00-04:00,False,False,,1380,390,1380,1380,0,0,0,0,0,0,1,MNQZ2,0,,,0,pass,True,none,
2022-10-18,development,True,2022-10-17T22:00:00+00:00,2022-10-18T21:00:00+00:00,2022-10-17T18:00:00-04:00,2022-10-18T17:00:00-04:00,False,False,,1380,390,1380,1380,0,0,0,0,0,0,1,MNQZ2,0,,,0,pass,True,none,
2022-10-19,development,True,2022-10-18T22:00:00+00:00,2022-10-19T21:00:00+00:00,2022-10-18T18:00:00-04:00,2022-10-19T17:00:00-04:00,False,False,,1380,390,1380,1380,0,0,0,0,0,0,1,MNQZ2,0,,,0,pass,True,none,
2022-10-20,development,True,2022-10-19T22:00:00+00:00,2022-10-20T21:00:00+00:00,2022-10-19T18:00:00-04:00,2022-10-20T17:00:00-04:00,False,False,,1380,390,1380,1380,0,0,0,0,0,0,1,MNQZ2,0,,,0,pass,True,none,
2022-10-21,development,True,2022-10-20T22:00:00+00:00,2022-10-21T21:00:00+00:00,2022-10-20T18:00:00-04:00,2022-10-21T17:00:00-04:00,False,False,,1380,390,1380,1380,0,0,0,0,0,0,1,MNQZ2,0,,,0,pass,True,none,
2022-10-24,development,True,2022-10-23T22:00:00+00:00,2022-10-24T21:00:00+00:00,2022-10-23T18:00:00-04:00,2022-10-24T17:00:00-04:00,False,False,,1380,390,1380,1380,0,0,0,0,0,0,1,MNQZ2,0,,,0,pass,True,none,
2022-10-25,development,True,2022-10-24T22:00:00+00:00,2022-10-25T21:00:00+00:00,2022-10-24T18:00:00-04:00,2022-10-25T17:00:00-04:00,False,False,,1380,390,1380,1380,0,0,0,0,0,0,1,MNQZ2,0,,,0,pass,True,none,
2022-10-26,development,True,2022-10-25T22:00:00+00:00,2022-10-26T21:00:00+00:00,2022-10-25T18:00:00-04:00,2022-10-26T17:00:00-04:00,False,False,,1380,390,1380,1380,0,0,0,0,0,0,1,MNQZ2,0,,,0,pass,True,none,
2022-10-27,development,True,2022-10-26T22:00:00+00:00,2022-10-27T21:00:00+00:00,2022-10-26T18:00:00-04:00,2022-10-27T17:00:00-04:00,False,False,,1380,390,1380,1380,0,0,0,0,0,0,1,MNQZ2,0,,,0,pass,True,none,
2022-10-28,development,True,2022-10-27T22:00:00+00:00,2022-10-28T21:00:00+00:00,2022-10-27T18:00:00-04:00,2022-10-28T17:00:00-04:00,False,False,,1380,390,1380,1380,0,0,0,0,0,0,1,MNQZ2,0,,,0,pass,True,none,
2022-10-31,development,True,2022-10-30T22:00:00+00:00,2022-10-31T21:00:00+00:00,2022-10-30T18:00:00-04:00,2022-10-31T17:00:00-04:00,False,False,,1380,390,1380,1380,0,0,0,0,0,0,1,MNQZ2,0,,,0,pass,True,none,
2022-11-01,development,True,2022-10-31T22:00:00+00:00,2022-11-01T21:00:00+00:00,2022-10-31T18:00:00-04:00,2022-11-01T17:00:00-04:00,False,False,,1380,390,1380,1380,0,0,0,0,0,0,1,MNQZ2,0,,,0,pass,True,none,
2022-11-02,development,True,2022-11-01T22:00:00+00:00,2022-11-02T21:00:00+00:00,2022-11-01T18:00:00-04:00,2022-11-02T17:00:00-04:00,False,False,,1380,390,1380,1380,0,0,0,0,0,0,1,MNQZ2,0,,,0,pass,True,none,
2022-11-03,development,True,2022-11-02T22:00:00+00:00,2022-11-03T21:00:00+00:00,2022-11-02T18:00:00-04:00,2022-11-03T17:00:00-04:00,False,False,,1380,390,1380,1380,0,0,0,0,0,0,1,MNQZ2,0,,,0,pass,True,none,
2022-11-04,development,True,2022-11-03T22:00:00+00:00,2022-11-04T21:00:00+00:00,2022-11-03T18:00:00-04:00,2022-11-04T17:00:00-04:00,False,False,,1380,390,1380,1380,0,0,0,0,0,0,1,MNQZ2,0,,,0,pass,True,none,
2022-11-07,development,True,2022-11-06T23:00:00+00:00,2022-11-07T22:00:00+00:00,2022-11-06T18:00:00-05:00,2022-11-07T17:00:00-05:00,False,False,,1380,390,1380,1380,0,0,0,0,0,0,1,MNQZ2,0,,,0,pass,True,none,
2022-11-08,development,True,2022-11-07T23:00:00+00:00,2022-11-08T22:00:00+00:00,2022-11-07T18:00:00-05:00,2022-11-08T17:00:00-05:00,False,False,,1380,390,1380,1380,0,0,0,0,0,0,1,MNQZ2,0,,,0,pass,True,none,
2022-11-09,development,True,2022-11-08T23:00:00+00:00,2022-11-09T22:00:00+00:00,2022-11-08T18:00:00-05:00,2022-11-09T17:00:00-05:00,False,False,,1380,390,1380,1380,0,0,0,0,0,0,1,MNQZ2,0,,,0,pass,True,none,
2022-11-10,development,True,2022-11-09T23:00:00+00:00,2022-11-10T22:00:00+00:00,2022-11-09T18:00:00-05:00,2022-11-10T17:00:00-05:00,False,False,,1380,390,1380,1380,0,0,0,0,0,0,1,MNQZ2,0,,,0,pass,True,none,
2022-11-11,development,True,2022-11-10T23:00:00+00:00,2022-11-11T22:00:00+00:00,2022-11-10T18:00:00-05:00,2022-11-11T17:00:00-05:00,False,False,,1380,390,1380,1380,0,0,0,0,0,0,1,MNQZ2,0,,,0,pass,True,none,
2022-11-14,development,True,2022-11-13T23:00:00+00:00,2022-11-14T22:00:00+00:00,2022-11-13T18:00:00-05:00,2022-11-14T17:00:00-05:00,False,False,,1380,390,1380,1380,0,0,0,0,0,0,1,MNQZ2,0,,,0,pass,True,none,
2022-11-15,development,True,2022-11-14T23:00:00+00:00,2022-11-15T22:00:00+00:00,2022-11-14T18:00:00-05:00,2022-11-15T17:00:00-05:00,False,False,,1380,390,1380,1380,0,0,0,0,0,0,1,MNQZ2,0,,,0,pass,True,none,
2022-11-16,development,True,2022-11-15T23:00:00+00:00,2022-11-16T22:00:00+00:00,2022-11-15T18:00:00-05:00,2022-11-16T17:00:00-05:00,False,False,,1380,390,1380,1380,0,0,0,0,0,0,1,MNQZ2,0,,,0,pass,True,none,
2022-11-17,development,True,2022-11-16T23:00:00+00:00,2022-11-17T22:00:00+00:00,2022-11-16T18:00:00-05:00,2022-11-17T17:00:00-05:00,False,False,,1380,390,1380,1380,0,0,0,0,0,0,1,MNQZ2,0,,,0,pass,True,none,
2022-11-18,development,True,2022-11-17T23:00:00+00:00,2022-11-18T22:00:00+00:00,2022-11-17T18:00:00-05:00,2022-11-18T17:00:00-05:00,False,False,,1380,390,1380,1380,0,0,0,0,0,0,1,MNQZ2,0,,,0,pass,True,none,
2022-11-21,development,True,2022-11-20T23:00:00+00:00,2022-11-21T22:00:00+00:00,2022-11-20T18:00:00-05:00,2022-11-21T17:00:00-05:00,False,False,,1380,390,1380,1380,0,0,0,0,0,0,1,MNQZ2,0,,,0,pass,True,none,
2022-11-22,development,True,2022-11-21T23:00:00+00:00,2022-11-22T22:00:00+00:00,2022-11-21T18:00:00-05:00,2022-11-22T17:00:00-05:00,False,False,,1380,390,1380,1380,0,0,0,0,0,0,1,MNQZ2,0,,,0,pass,True,none,
2022-11-23,development,True,2022-11-22T23:00:00+00:00,2022-11-23T22:00:00+00:00,2022-11-22T18:00:00-05:00,2022-11-23T17:00:00-05:00,False,False,,1380,390,1380,1380,0,0,0,0,0,0,1,MNQZ2,0,,,0,pass,True,none,
2022-11-24,development,True,2022-11-23T23:00:00+00:00,2022-11-24T18:00:00+00:00,2022-11-23T18:00:00-05:00,2022-11-24T13:00:00-05:00,True,False,,1140,210,1140,1140,0,0,0,0,0,0,1,MNQZ2,0,,,0,pass,True,none,
2022-11-25,development,True,2022-11-24T23:00:00+00:00,2022-11-25T18:15:00+00:00,2022-11-24T18:00:00-05:00,2022-11-25T13:15:00-05:00,True,False,,1155,225,1155,1155,0,0,0,0,0,0,1,MNQZ2,0,,,0,pass,True,none,
2022-11-28,development,True,2022-11-27T23:00:00+00:00,2022-11-28T22:00:00+00:00,2022-11-27T18:00:00-05:00,2022-11-28T17:00:00-05:00,False,False,,1380,390,1380,1380,0,0,0,0,0,0,1,MNQZ2,0,,,0,pass,True,none,
2022-11-29,development,True,2022-11-28T23:00:00+00:00,2022-11-29T22:00:00+00:00,2022-11-28T18:00:00-05:00,2022-11-29T17:00:00-05:00,False,False,,1380,390,1380,1380,0,0,0,0,0,0,1,MNQZ2,0,,,0,pass,True,none,
2022-11-30,development,True,2022-11-29T23:00:00+00:00,2022-11-30T22:00:00+00:00,2022-11-29T18:00:00-05:00,2022-11-30T17:00:00-05:00,False,False,,1380,390,1380,1380,0,0,0,0,0,0,1,MNQZ2,0,,,0,pass,True,none,
2022-12-01,development,True,2022-11-30T23:00:00+00:00,2022-12-01T22:00:00+00:00,2022-11-30T18:00:00-05:00,2022-12-01T17:00:00-05:00,False,False,,1380,390,1380,1380,0,0,0,0,0,0,1,MNQZ2,0,,,0,pass,True,none,
2022-12-02,development,True,2022-12-01T23:00:00+00:00,2022-12-02T22:00:00+00:00,2022-12-01T18:00:00-05:00,2022-12-02T17:00:00-05:00,False,False,,1380,390,1380,1380,0,0,0,0,0,0,1,MNQZ2,0,,,0,pass,True,none,
2022-12-05,development,True,2022-12-04T23:00:00+00:00,2022-12-05T22:00:00+00:00,2022-12-04T18:00:00-05:00,2022-12-05T17:00:00-05:00,False,False,,1380,390,1380,1380,0,0,0,0,0,0,1,MNQZ2,0,,,0,pass,True,none,
2022-12-06,development,True,2022-12-05T23:00:00+00:00,2022-12-06T22:00:00+00:00,2022-12-05T18:00:00-05:00,2022-12-06T17:00:00-05:00,False,False,,1380,390,1380,1380,0,0,0,0,0,0,1,MNQZ2,0,,,0,pass,True,none,
2022-12-07,development,True,2022-12-06T23:00:00+00:00,2022-12-07T22:00:00+00:00,2022-12-06T18:00:00-05:00,2022-12-07T17:00:00-05:00,False,False,,1380,390,1380,1380,0,0,0,0,0,0,1,MNQZ2,0,,,0,pass,True,none,
2022-12-08,development,True,2022-12-07T23:00:00+00:00,2022-12-08T22:00:00+00:00,2022-12-07T18:00:00-05:00,2022-12-08T17:00:00-05:00,False,False,,1380,390,1380,1380,0,0,0,0,0,0,1,MNQZ2,0,,,0,pass,True,none,
2022-12-09,development,True,2022-12-08T23:00:00+00:00,2022-12-09T22:00:00+00:00,2022-12-08T18:00:00-05:00,2022-12-09T17:00:00-05:00,False,False,,1380,390,1380,1380,0,0,0,0,0,0,1,MNQZ2,0,,,0,pass,True,none,
2022-12-12,development,True,2022-12-11T23:00:00+00:00,2022-12-12T22:00:00+00:00,2022-12-11T18:00:00-05:00,2022-12-12T17:00:00-05:00,False,False,,1380,390,1380,1380,0,0,0,0,0,0,1,MNQZ2,0,,,0,pass,True,none,
2022-12-13,development,True,2022-12-12T23:00:00+00:00,2022-12-13T22:00:00+00:00,2022-12-12T18:00:00-05:00,2022-12-13T17:00:00-05:00,False,False,,1380,390,1379,1379,1,0,0,0,0,0,1,MNQZ2,0,2022-12-13T13:31:00+00:00,2022-12-13T13:31:00+00:00,1,excluded,False,high,missing_expected_minutes
2022-12-14,development,True,2022-12-13T23:00:00+00:00,2022-12-14T22:00:00+00:00,2022-12-13T18:00:00-05:00,2022-12-14T17:00:00-05:00,False,False,,1380,390,1380,1380,0,0,0,0,0,0,2,MNQZ2|MNQH3,1,,,0,excluded,False,high,multiple_contracts_within_session|roll_boundary_session
2022-12-15,development,True,2022-12-14T23:00:00+00:00,2022-12-15T22:00:00+00:00,2022-12-14T18:00:00-05:00,2022-12-15T17:00:00-05:00,False,False,,1380,390,1380,1380,0,0,0,0,0,0,1,MNQH3,0,,,0,pass,True,none,
2022-12-16,development,True,2022-12-15T23:00:00+00:00,2022-12-16T22:00:00+00:00,2022-12-15T18:00:00-05:00,2022-12-16T17:00:00-05:00,False,False,,1380,390,1380,1380,0,0,0,0,0,0,1,MNQH3,0,,,0,pass,True,none,
2022-12-19,development,True,2022-12-18T23:00:00+00:00,2022-12-19T22:00:00+00:00,2022-12-18T18:00:00-05:00,2022-12-19T17:00:00-05:00,False,False,,1380,390,1380,1380,0,0,0,0,0,0,1,MNQH3,0,,,0,pass,True,none,
2022-12-20,development,True,2022-12-19T23:00:00+00:00,2022-12-20T22:00:00+00:00,2022-12-19T18:00:00-05:00,2022-12-20T17:00:00-05:00,False,False,,1380,390,1380,1380,0,0,0,0,0,0,1,MNQH3,0,,,0,pass,True,none,
2022-12-21,development,True,2022-12-20T23:00:00+00:00,2022-12-21T22:00:00+00:00,2022-12-20T18:00:00-05:00,2022-12-21T17:00:00-05:00,False,False,,1380,390,1380,1380,0,0,0,0,0,0,1,MNQH3,0,,,0,pass,True,none,
2022-12-22,development,True,2022-12-21T23:00:00+00:00,2022-12-22T22:00:00+00:00,2022-12-21T18:00:00-05:00,2022-12-22T17:00:00-05:00,False,False,,1380,390,1380,1380,0,0,0,0,0,0,1,MNQH3,0,,,0,pass,True,none,
2022-12-23,development,True,2022-12-22T23:00:00+00:00,2022-12-23T22:00:00+00:00,2022-12-22T18:00:00-05:00,2022-12-23T17:00:00-05:00,False,False,,1380,390,1380,1380,0,0,0,0,0,0,1,MNQH3,0,,,0,pass,True,none,
2022-12-27,development,True,2022-12-26T23:00:00+00:00,2022-12-27T22:00:00+00:00,2022-12-26T18:00:00-05:00,2022-12-27T17:00:00-05:00,False,False,,1380,390,1380,1380,0,0,0,0,0,0,1,MNQH3,0,,,0,pass,True,none,
2022-12-28,development,True,2022-12-27T23:00:00+00:00,2022-12-28T22:00:00+00:00,2022-12-27T18:00:00-05:00,2022-12-28T17:00:00-05:00,False,False,,1380,390,1380,1380,0,0,0,0,0,0,1,MNQH3,0,,,0,pass,True,none,
2022-12-29,development,True,2022-12-28T23:00:00+00:00,2022-12-29T22:00:00+00:00,2022-12-28T18:00:00-05:00,2022-12-29T17:00:00-05:00,False,False,,1380,390,1380,1380,0,0,0,0,0,0,1,MNQH3,0,,,0,pass,True,none,
2022-12-30,development,True,2022-12-29T23:00:00+00:00,2022-12-30T22:00:00+00:00,2022-12-29T18:00:00-05:00,2022-12-30T17:00:00-05:00,False,False,,1380,390,1380,1380,0,0,0,0,0,0,1,MNQH3,0,,,0,pass,True,none,
2023-01-03,development,True,2023-01-02T23:00:00+00:00,2023-01-03T22:00:00+00:00,2023-01-02T18:00:00-05:00,2023-01-03T17:00:00-05:00,False,False,,1380,390,1380,1380,0,0,0,0,0,0,1,MNQH3,0,,,0,pass,True,none,
2023-01-04,development,True,2023-01-03T23:00:00+00:00,2023-01-04T22:00:00+00:00,2023-01-03T18:00:00-05:00,2023-01-04T17:00:00-05:00,False,False,,1380,390,1380,1380,0,0,0,0,0,0,1,MNQH3,0,,,0,pass,True,none,
2023-01-05,development,True,2023-01-04T23:00:00+00:00,2023-01-05T22:00:00+00:00,2023-01-04T18:00:00-05:00,2023-01-05T17:00:00-05:00,False,False,,1380,390,1380,1380,0,0,0,0,0,0,1,MNQH3,0,,,0,pass,True,none,
2023-01-06,development,True,2023-01-05T23:00:00+00:00,2023-01-06T22:00:00+00:00,2023-01-05T18:00:00-05:00,2023-01-06T17:00:00-05:00,False,False,,1380,390,1380,1380,0,0,0,0,0,0,1,MNQH3,0,,,0,pass,True,none,
2023-01-09,development,True,2023-01-08T23:00:00+00:00,2023-01-09T22:00:00+00:00,2023-01-08T18:00:00-05:00,2023-01-09T17:00:00-05:00,False,False,,1380,390,1380,1380,0,0,0,0,0,0,1,MNQH3,0,,,0,pass,True,none,
2023-01-10,development,True,2023-01-09T23:00:00+00:00,2023-01-10T22:00:00+00:00,2023-01-09T18:00:00-05:00,2023-01-10T17:00:00-05:00,False,False,,1380,390,1380,1380,0,0,0,0,0,0,1,MNQH3,0,,,0,pass,True,none,
2023-01-11,development,True,2023-01-10T23:00:00+00:00,2023-01-11T22:00:00+00:00,2023-01-10T18:00:00-05:00,2023-01-11T17:00:00-05:00,False,False,,1380,390,1380,1380,0,0,0,0,0,0,1,MNQH3,0,,,0,pass,True,none,
2023-01-12,development,True,2023-01-11T23:00:00+00:00,2023-01-12T22:00:00+00:00,2023-01-11T18:00:00-05:00,2023-01-12T17:00:00-05:00,False,False,,1380,390,1380,1380,0,0,0,0,0,0,1,MNQH3,0,,,0,pass,True,none,
2023-01-13,development,True,2023-01-12T23:00:00+00:00,2023-01-13T22:00:00+00:00,2023-01-12T18:00:00-05:00,2023-01-13T17:00:00-05:00,False,False,,1380,390,1380,1380,0,0,0,0,0,0,1,MNQH3,0,,,0,pass,True,none,
2023-01-16,development,True,2023-01-15T23:00:00+00:00,2023-01-16T18:00:00+00:00,2023-01-15T18:00:00-05:00,2023-01-16T13:00:00-05:00,True,False,,1140,210,1140,1140,0,0,0,0,0,0,1,MNQH3,0,,,0,pass,True,none,
2023-01-17,development,True,2023-01-16T23:00:00+00:00,2023-01-17T22:00:00+00:00,2023-01-16T18:00:00-05:00,2023-01-17T17:00:00-05:00,False,False,,1380,390,1380,1380,0,0,0,0,0,0,1,MNQH3,0,,,0,pass,True,none,
2023-01-18,development,True,2023-01-17T23:00:00+00:00,2023-01-18T22:00:00+00:00,2023-01-17T18:00:00-05:00,2023-01-18T17:00:00-05:00,False,False,,1380,390,1380,1380,0,0,0,0,0,0,1,MNQH3,0,,,0,pass,True,none,
2023-01-19,development,True,2023-01-18T23:00:00+00:00,2023-01-19T22:00:00+00:00,2023-01-18T18:00:00-05:00,2023-01-19T17:00:00-05:00,False,False,,1380,390,1380,1380,0,0,0,0,0,0,1,MNQH3,0,,,0,pass,True,none,
2023-01-20,development,True,2023-01-19T23:00:00+00:00,2023-01-20T22:00:00+00:00,2023-01-19T18:00:00-05:00,2023-01-20T17:00:00-05:00,False,False,,1380,390,1380,1380,0,0,0,0,0,0,1,MNQH3,0,,,0,pass,True,none,
2023-01-23,development,True,2023-01-22T23:00:00+00:00,2023-01-23T22:00:00+00:00,2023-01-22T18:00:00-05:00,2023-01-23T17:00:00-05:00,False,False,,1380,390,1344,1344,36,0,0,0,0,0,1,MNQH3,0,2023-01-22T23:00:00+00:00,2023-01-23T00:32:00+00:00,19,excluded,False,high,missing_expected_minutes
2023-01-24,development,True,2023-01-23T23:00:00+00:00,2023-01-24T22:00:00+00:00,2023-01-23T18:00:00-05:00,2023-01-24T17:00:00-05:00,False,False,,1380,390,1380,1380,0,0,0,0,0,0,1,MNQH3,0,,,0,pass,True,none,
2023-01-25,development,True,2023-01-24T23:00:00+00:00,2023-01-25T22:00:00+00:00,2023-01-24T18:00:00-05:00,2023-01-25T17:00:00-05:00,False,False,,1380,390,1380,1380,0,0,0,0,0,0,1,MNQH3,0,,,0,pass,True,none,
2023-01-26,development,True,2023-01-25T23:00:00+00:00,2023-01-26T22:00:00+00:00,2023-01-25T18:00:00-05:00,2023-01-26T17:00:00-05:00,False,False,,1380,390,1380,1380,0,0,0,0,0,0,1,MNQH3,0,,,0,pass,True,none,
2023-01-27,development,True,2023-01-26T23:00:00+00:00,2023-01-27T22:00:00+00:00,2023-01-26T18:00:00-05:00,2023-01-27T17:00:00-05:00,False,False,,1380,390,1380,1380,0,0,0,0,0,0,1,MNQH3,0,,,0,pass,True,none,
2023-01-30,development,True,2023-01-29T23:00:00+00:00,2023-01-30T22:00:00+00:00,2023-01-29T18:00:00-05:00,2023-01-30T17:00:00-05:00,False,False,,1380,390,1380,1380,0,0,0,0,0,0,1,MNQH3,0,,,0,pass,True,none,
2023-01-31,development,True,2023-01-30T23:00:00+00:00,2023-01-31T22:00:00+00:00,2023-01-30T18:00:00-05:00,2023-01-31T17:00:00-05:00,False,False,,1380,390,1380,1380,0,0,0,0,0,0,1,MNQH3,0,,,0,pass,True,none,
2023-02-01,development,True,2023-01-31T23:00:00+00:00,2023-02-01T22:00:00+00:00,2023-01-31T18:00:00-05:00,2023-02-01T17:00:00-05:00,False,False,,1380,390,1380,1380,0,0,0,0,0,0,1,MNQH3,0,,,0,pass,True,none,
2023-02-02,development,True,2023-02-01T23:00:00+00:00,2023-02-02T22:00:00+00:00,2023-02-01T18:00:00-05:00,2023-02-02T17:00:00-05:00,False,False,,1380,390,1380,1380,0,0,0,0,0,0,1,MNQH3,0,,,0,pass,True,none,
2023-02-03,development,True,2023-02-02T23:00:00+00:00,2023-02-03T22:00:00+00:00,2023-02-02T18:00:00-05:00,2023-02-03T17:00:00-05:00,False,False,,1380,390,1380,1380,0,0,0,0,0,0,1,MNQH3,0,,,0,pass,True,none,
2023-02-06,development,True,2023-02-05T23:00:00+00:00,2023-02-06T22:00:00+00:00,2023-02-05T18:00:00-05:00,2023-02-06T17:00:00-05:00,False,False,,1380,390,1381,1381,0,0,1,0,0,0,1,MNQH3,0,,,0,excluded,False,high,timestamps_outside_expected_session
2023-02-07,development,True,2023-02-06T23:00:00+00:00,2023-02-07T22:00:00+00:00,2023-02-06T18:00:00-05:00,2023-02-07T17:00:00-05:00,False,False,,1380,390,1380,1380,0,0,0,0,0,0,1,MNQH3,0,,,0,pass,True,none,
2023-02-08,development,True,2023-02-07T23:00:00+00:00,2023-02-08T22:00:00+00:00,2023-02-07T18:00:00-05:00,2023-02-08T17:00:00-05:00,False,False,,1380,390,1380,1380,0,0,0,0,0,0,1,MNQH3,0,,,0,pass,True,none,
2023-02-09,development,True,2023-02-08T23:00:00+00:00,2023-02-09T22:00:00+00:00,2023-02-08T18:00:00-05:00,2023-02-09T17:00:00-05:00,False,False,,1380,390,1380,1380,0,0,0,0,0,0,1,MNQH3,0,,,0,pass,True,none,
2023-02-10,development,True,2023-02-09T23:00:00+00:00,2023-02-10T22:00:00+00:00,2023-02-09T18:00:00-05:00,2023-02-10T17:00:00-05:00,False,False,,1380,390,1380,1380,0,0,0,0,0,0,1,MNQH3,0,,,0,pass,True,none,
2023-02-13,development,True,2023-02-12T23:00:00+00:00,2023-02-13T22:00:00+00:00,2023-02-12T18:00:00-05:00,2023-02-13T17:00:00-05:00,False,False,,1380,390,1380,1380,0,0,0,0,0,0,1,MNQH3,0,,,0,pass,True,none,
2023-02-14,development,True,2023-02-13T23:00:00+00:00,2023-02-14T22:00:00+00:00,2023-02-13T18:00:00-05:00,2023-02-14T17:00:00-05:00,False,False,,1380,390,1380,1380,0,0,0,0,0,0,1,MNQH3,0,,,0,pass,True,none,
2023-02-15,development,True,2023-02-14T23:00:00+00:00,2023-02-15T22:00:00+00:00,2023-02-14T18:00:00-05:00,2023-02-15T17:00:00-05:00,False,False,,1380,390,1380,1380,0,0,0,0,0,0,1,MNQH3,0,,,0,pass,True,none,
2023-02-16,development,True,2023-02-15T23:00:00+00:00,2023-02-16T22:00:00+00:00,2023-02-15T18:00:00-05:00,2023-02-16T17:00:00-05:00,False,False,,1380,390,1380,1380,0,0,0,0,0,0,1,MNQH3,0,,,0,pass,True,none,
2023-02-17,development,True,2023-02-16T23:00:00+00:00,2023-02-17T22:00:00+00:00,2023-02-16T18:00:00-05:00,2023-02-17T17:00:00-05:00,False,False,,1380,390,1380,1380,0,0,0,0,0,0,1,MNQH3,0,,,0,pass,True,none,
2023-02-20,development,True,2023-02-19T23:00:00+00:00,2023-02-20T18:00:00+00:00,2023-02-19T18:00:00-05:00,2023-02-20T13:00:00-05:00,True,False,,1140,210,1140,1140,0,0,0,0,0,0,1,MNQH3,0,,,0,pass,True,none,
2023-02-21,development,True,2023-02-20T23:00:00+00:00,2023-02-21T22:00:00+00:00,2023-02-20T18:00:00-05:00,2023-02-21T17:00:00-05:00,False,False,,1380,390,1380,1380,0,0,0,0,0,0,1,MNQH3,0,,,0,pass,True,none,
2023-02-22,development,True,2023-02-21T23:00:00+00:00,2023-02-22T22:00:00+00:00,2023-02-21T18:00:00-05:00,2023-02-22T17:00:00-05:00,False,False,,1380,390,1380,1380,0,0,0,0,0,0,1,MNQH3,0,,,0,pass,True,none,
2023-02-23,development,True,2023-02-22T23:00:00+00:00,2023-02-23T22:00:00+00:00,2023-02-22T18:00:00-05:00,2023-02-23T17:00:00-05:00,False,False,,1380,390,1380,1380,0,0,0,0,0,0,1,MNQH3,0,,,0,pass,True,none,
2023-02-24,development,True,2023-02-23T23:00:00+00:00,2023-02-24T22:00:00+00:00,2023-02-23T18:00:00-05:00,2023-02-24T17:00:00-05:00,False,False,,1380,390,1379,1379,1,1,0,0,0,0,1,MNQH3,0,2023-02-24T14:35:00+00:00,2023-02-24T14:35:00+00:00,1,excluded,False,high,missing_expected_minutes
2023-02-27,development,True,2023-02-26T23:00:00+00:00,2023-02-27T22:00:00+00:00,2023-02-26T18:00:00-05:00,2023-02-27T17:00:00-05:00,False,False,,1380,390,1380,1380,0,0,0,0,0,0,1,MNQH3,0,,,0,pass,True,none,
2023-02-28,development,True,2023-02-27T23:00:00+00:00,2023-02-28T22:00:00+00:00,2023-02-27T18:00:00-05:00,2023-02-28T17:00:00-05:00,False,False,,1380,390,1380,1380,0,0,0,0,0,0,1,MNQH3,0,,,0,pass,True,none,
2023-03-01,development,True,2023-02-28T23:00:00+00:00,2023-03-01T22:00:00+00:00,2023-02-28T18:00:00-05:00,2023-03-01T17:00:00-05:00,False,False,,1380,390,1380,1380,0,0,0,0,0,0,1,MNQH3,0,,,0,pass,True,none,
2023-03-02,development,True,2023-03-01T23:00:00+00:00,2023-03-02T22:00:00+00:00,2023-03-01T18:00:00-05:00,2023-03-02T17:00:00-05:00,False,False,,1380,390,1380,1380,0,0,0,0,0,0,1,MNQH3,0,,,0,pass,True,none,
2023-03-03,development,True,2023-03-02T23:00:00+00:00,2023-03-03T22:00:00+00:00,2023-03-02T18:00:00-05:00,2023-03-03T17:00:00-05:00,False,False,,1380,390,1380,1380,0,0,0,0,0,0,1,MNQH3,0,,,0,pass,True,none,
2023-03-06,development,True,2023-03-05T23:00:00+00:00,2023-03-06T22:00:00+00:00,2023-03-05T18:00:00-05:00,2023-03-06T17:00:00-05:00,False,False,,1380,390,1380,1380,0,0,0,0,0,0,1,MNQH3,0,,,0,pass,True,none,
2023-03-07,development,True,2023-03-06T23:00:00+00:00,2023-03-07T22:00:00+00:00,2023-03-06T18:00:00-05:00,2023-03-07T17:00:00-05:00,False,False,,1380,390,1380,1380,0,0,0,0,0,0,1,MNQH3,0,,,0,pass,True,none,
2023-03-08,development,True,2023-03-07T23:00:00+00:00,2023-03-08T22:00:00+00:00,2023-03-07T18:00:00-05:00,2023-03-08T17:00:00-05:00,False,False,,1380,390,1380,1380,0,0,0,0,0,0,1,MNQH3,0,,,0,pass,True,none,
2023-03-09,development,True,2023-03-08T23:00:00+00:00,2023-03-09T22:00:00+00:00,2023-03-08T18:00:00-05:00,2023-03-09T17:00:00-05:00,False,False,,1380,390,1380,1380,0,0,0,0,0,0,1,MNQH3,0,,,0,pass,True,none,
2023-03-10,development,True,2023-03-09T23:00:00+00:00,2023-03-10T22:00:00+00:00,2023-03-09T18:00:00-05:00,2023-03-10T17:00:00-05:00,False,False,,1380,390,1380,1380,0,0,0,0,0,0,1,MNQH3,0,,,0,pass,True,none,
2023-03-13,development,True,2023-03-12T22:00:00+00:00,2023-03-13T21:00:00+00:00,2023-03-12T18:00:00-04:00,2023-03-13T17:00:00-04:00,False,False,,1380,390,1380,1380,0,0,0,0,0,0,1,MNQH3,0,,,0,pass,True,none,
2023-03-14,development,True,2023-03-13T22:00:00+00:00,2023-03-14T21:00:00+00:00,2023-03-13T18:00:00-04:00,2023-03-14T17:00:00-04:00,False,False,,1380,390,1380,1380,0,0,0,0,0,0,1,MNQH3,0,,,0,pass,True,none,
2023-03-15,development,True,2023-03-14T22:00:00+00:00,2023-03-15T21:00:00+00:00,2023-03-14T18:00:00-04:00,2023-03-15T17:00:00-04:00,False,False,,1380,390,1381,1381,0,0,1,0,0,0,2,MNQH3|MNQM3,1,,,0,excluded,False,high,timestamps_outside_expected_session|multiple_contracts_within_session|roll_boundary_session
2023-03-16,development,True,2023-03-15T22:00:00+00:00,2023-03-16T21:00:00+00:00,2023-03-15T18:00:00-04:00,2023-03-16T17:00:00-04:00,False,False,,1380,390,1380,1380,0,0,0,0,0,0,1,MNQM3,0,,,0,pass,True,none,
2023-03-17,development,True,2023-03-16T22:00:00+00:00,2023-03-17T21:00:00+00:00,2023-03-16T18:00:00-04:00,2023-03-17T17:00:00-04:00,False,False,,1380,390,1380,1380,0,0,0,0,0,0,1,MNQM3,0,,,0,pass,True,none,
2023-03-20,development,True,2023-03-19T22:00:00+00:00,2023-03-20T21:00:00+00:00,2023-03-19T18:00:00-04:00,2023-03-20T17:00:00-04:00,False,False,,1380,390,1380,1380,0,0,0,0,0,0,1,MNQM3,0,,,0,pass,True,none,
2023-03-21,development,True,2023-03-20T22:00:00+00:00,2023-03-21T21:00:00+00:00,2023-03-20T18:00:00-04:00,2023-03-21T17:00:00-04:00,False,False,,1380,390,1380,1380,0,0,0,0,0,0,1,MNQM3,0,,,0,pass,True,none,
2023-03-22,development,True,2023-03-21T22:00:00+00:00,2023-03-22T21:00:00+00:00,2023-03-21T18:00:00-04:00,2023-03-22T17:00:00-04:00,False,False,,1380,390,1380,1380,0,0,0,0,0,0,1,MNQM3,0,,,0,pass,True,none,
2023-03-23,development,True,2023-03-22T22:00:00+00:00,2023-03-23T21:00:00+00:00,2023-03-22T18:00:00-04:00,2023-03-23T17:00:00-04:00,False,False,,1380,390,1380,1380,0,0,0,0,0,0,1,MNQM3,0,,,0,pass,True,none,
2023-03-24,development,True,2023-03-23T22:00:00+00:00,2023-03-24T21:00:00+00:00,2023-03-23T18:00:00-04:00,2023-03-24T17:00:00-04:00,False,False,,1380,390,1380,1380,0,0,0,0,0,0,1,MNQM3,0,,,0,pass,True,none,
2023-03-27,development,True,2023-03-26T22:00:00+00:00,2023-03-27T21:00:00+00:00,2023-03-26T18:00:00-04:00,2023-03-27T17:00:00-04:00,False,False,,1380,390,1380,1380,0,0,0,0,0,0,1,MNQM3,0,,,0,pass,True,none,
2023-03-28,development,True,2023-03-27T22:00:00+00:00,2023-03-28T21:00:00+00:00,2023-03-27T18:00:00-04:00,2023-03-28T17:00:00-04:00,False,False,,1380,390,1380,1380,0,0,0,0,0,0,1,MNQM3,0,,,0,pass,True,none,
2023-03-29,development,True,2023-03-28T22:00:00+00:00,2023-03-29T21:00:00+00:00,2023-03-28T18:00:00-04:00,2023-03-29T17:00:00-04:00,False,False,,1380,390,1380,1380,0,0,0,0,0,0,1,MNQM3,0,,,0,pass,True,none,
2023-03-30,development,True,2023-03-29T22:00:00+00:00,2023-03-30T21:00:00+00:00,2023-03-29T18:00:00-04:00,2023-03-30T17:00:00-04:00,False,False,,1380,390,1380,1380,0,0,0,0,0,0,1,MNQM3,0,,,0,pass,True,none,
2023-03-31,development,True,2023-03-30T22:00:00+00:00,2023-03-31T21:00:00+00:00,2023-03-30T18:00:00-04:00,2023-03-31T17:00:00-04:00,False,False,,1380,390,1380,1380,0,0,0,0,0,0,1,MNQM3,0,,,0,pass,True,none,
2023-04-03,development,True,2023-04-02T22:00:00+00:00,2023-04-03T21:00:00+00:00,2023-04-02T18:00:00-04:00,2023-04-03T17:00:00-04:00,False,False,,1380,390,1380,1380,0,0,0,0,0,0,1,MNQM3,0,,,0,pass,True,none,
2023-04-04,development,True,2023-04-03T22:00:00+00:00,2023-04-04T21:00:00+00:00,2023-04-03T18:00:00-04:00,2023-04-04T17:00:00-04:00,False,False,,1380,390,1380,1380,0,0,0,0,0,0,1,MNQM3,0,,,0,pass,True,none,
2023-04-05,development,True,2023-04-04T22:00:00+00:00,2023-04-05T21:00:00+00:00,2023-04-04T18:00:00-04:00,2023-04-05T17:00:00-04:00,False,False,,1380,390,1380,1380,0,0,0,0,0,0,1,MNQM3,0,,,0,pass,True,none,
2023-04-06,development,True,2023-04-05T22:00:00+00:00,2023-04-06T21:00:00+00:00,2023-04-05T18:00:00-04:00,2023-04-06T17:00:00-04:00,False,False,,1380,390,1380,1380,0,0,0,0,0,0,1,MNQM3,0,,,0,pass,True,none,
2023-04-07,development,True,2023-04-06T22:00:00+00:00,2023-04-07T13:15:00+00:00,2023-04-06T18:00:00-04:00,2023-04-07T09:15:00-04:00,True,False,,915,0,915,915,0,0,0,0,0,0,1,MNQM3,0,,,0,pass,True,none,
2023-04-10,development,True,2023-04-09T22:00:00+00:00,2023-04-10T21:00:00+00:00,2023-04-09T18:00:00-04:00,2023-04-10T17:00:00-04:00,False,False,,1380,390,1380,1380,0,0,0,0,0,0,1,MNQM3,0,,,0,pass,True,none,
2023-04-11,development,True,2023-04-10T22:00:00+00:00,2023-04-11T21:00:00+00:00,2023-04-10T18:00:00-04:00,2023-04-11T17:00:00-04:00,False,False,,1380,390,1380,1380,0,0,0,0,0,0,1,MNQM3,0,,,0,pass,True,none,
2023-04-12,development,True,2023-04-11T22:00:00+00:00,2023-04-12T21:00:00+00:00,2023-04-11T18:00:00-04:00,2023-04-12T17:00:00-04:00,False,False,,1380,390,1380,1380,0,0,0,0,0,0,1,MNQM3,0,,,0,pass,True,none,
2023-04-13,development,True,2023-04-12T22:00:00+00:00,2023-04-13T21:00:00+00:00,2023-04-12T18:00:00-04:00,2023-04-13T17:00:00-04:00,False,False,,1380,390,1380,1380,0,0,0,0,0,0,1,MNQM3,0,,,0,pass,True,none,
2023-04-14,development,True,2023-04-13T22:00:00+00:00,2023-04-14T21:00:00+00:00,2023-04-13T18:00:00-04:00,2023-04-14T17:00:00-04:00,False,False,,1380,390,1380,1380,0,0,0,0,0,0,1,MNQM3,0,,,0,pass,True,none,
2023-04-17,development,True,2023-04-16T22:00:00+00:00,2023-04-17T21:00:00+00:00,2023-04-16T18:00:00-04:00,2023-04-17T17:00:00-04:00,False,False,,1380,390,1380,1380,0,0,0,0,0,0,1,MNQM3,0,,,0,pass,True,none,
2023-04-18,development,True,2023-04-17T22:00:00+00:00,2023-04-18T21:00:00+00:00,2023-04-17T18:00:00-04:00,2023-04-18T17:00:00-04:00,False,False,,1380,390,1380,1380,0,0,0,0,0,0,1,MNQM3,0,,,0,pass,True,none,
2023-04-19,development,True,2023-04-18T22:00:00+00:00,2023-04-19T21:00:00+00:00,2023-04-18T18:00:00-04:00,2023-04-19T17:00:00-04:00,False,False,,1380,390,1380,1380,0,0,0,0,0,0,1,MNQM3,0,,,0,pass,True,none,
2023-04-20,development,True,2023-04-19T22:00:00+00:00,2023-04-20T21:00:00+00:00,2023-04-19T18:00:00-04:00,2023-04-20T17:00:00-04:00,False,False,,1380,390,1380,1380,0,0,0,0,0,0,1,MNQM3,0,,,0,pass,True,none,
2023-04-21,development,True,2023-04-20T22:00:00+00:00,2023-04-21T21:00:00+00:00,2023-04-20T18:00:00-04:00,2023-04-21T17:00:00-04:00,False,False,,1380,390,1380,1380,0,0,0,0,0,0,1,MNQM3,0,,,0,pass,True,none,
2023-04-24,development,True,2023-04-23T22:00:00+00:00,2023-04-24T21:00:00+00:00,2023-04-23T18:00:00-04:00,2023-04-24T17:00:00-04:00,False,False,,1380,390,1380,1380,0,0,0,0,0,0,1,MNQM3,0,,,0,pass,True,none,
2023-04-25,development,True,2023-04-24T22:00:00+00:00,2023-04-25T21:00:00+00:00,2023-04-24T18:00:00-04:00,2023-04-25T17:00:00-04:00,False,False,,1380,390,1380,1380,0,0,0,0,0,0,1,MNQM3,0,,,0,pass,True,none,
2023-04-26,development,True,2023-04-25T22:00:00+00:00,2023-04-26T21:00:00+00:00,2023-04-25T18:00:00-04:00,2023-04-26T17:00:00-04:00,False,False,,1380,390,1380,1380,0,0,0,0,0,0,1,MNQM3,0,,,0,pass,True,none,
2023-04-27,development,True,2023-04-26T22:00:00+00:00,2023-04-27T21:00:00+00:00,2023-04-26T18:00:00-04:00,2023-04-27T17:00:00-04:00,False,False,,1380,390,1380,1380,0,0,0,0,0,0,1,MNQM3,0,,,0,pass,True,none,
2023-04-28,development,True,2023-04-27T22:00:00+00:00,2023-04-28T21:00:00+00:00,2023-04-27T18:00:00-04:00,2023-04-28T17:00:00-04:00,False,False,,1380,390,1380,1380,0,0,0,0,0,0,1,MNQM3,0,,,0,pass,True,none,
2023-05-01,development,True,2023-04-30T22:00:00+00:00,2023-05-01T21:00:00+00:00,2023-04-30T18:00:00-04:00,2023-05-01T17:00:00-04:00,False,False,,1380,390,1380,1380,0,0,0,0,0,0,1,MNQM3,0,,,0,pass,True,none,
2023-05-02,development,True,2023-05-01T22:00:00+00:00,2023-05-02T21:00:00+00:00,2023-05-01T18:00:00-04:00,2023-05-02T17:00:00-04:00,False,False,,1380,390,1380,1380,0,0,0,0,0,0,1,MNQM3,0,,,0,pass,True,none,
2023-05-03,development,True,2023-05-02T22:00:00+00:00,2023-05-03T21:00:00+00:00,2023-05-02T18:00:00-04:00,2023-05-03T17:00:00-04:00,False,False,,1380,390,1380,1380,0,0,0,0,0,0,1,MNQM3,0,,,0,pass,True,none,
2023-05-04,development,True,2023-05-03T22:00:00+00:00,2023-05-04T21:00:00+00:00,2023-05-03T18:00:00-04:00,2023-05-04T17:00:00-04:00,False,False,,1380,390,1380,1380,0,0,0,0,0,0,1,MNQM3,0,,,0,pass,True,none,
2023-05-05,development,True,2023-05-04T22:00:00+00:00,2023-05-05T21:00:00+00:00,2023-05-04T18:00:00-04:00,2023-05-05T17:00:00-04:00,False,False,,1380,390,1380,1380,0,0,0,0,0,0,1,MNQM3,0,,,0,pass,True,none,
2023-05-08,development,True,2023-05-07T22:00:00+00:00,2023-05-08T21:00:00+00:00,2023-05-07T18:00:00-04:00,2023-05-08T17:00:00-04:00,False,False,,1380,390,1380,1380,0,0,0,0,0,0,1,MNQM3,0,,,0,pass,True,none,
2023-05-09,development,True,2023-05-08T22:00:00+00:00,2023-05-09T21:00:00+00:00,2023-05-08T18:00:00-04:00,2023-05-09T17:00:00-04:00,False,False,,1380,390,1380,1380,0,0,0,0,0,0,1,MNQM3,0,,,0,pass,True,none,
2023-05-10,development,True,2023-05-09T22:00:00+00:00,2023-05-10T21:00:00+00:00,2023-05-09T18:00:00-04:00,2023-05-10T17:00:00-04:00,False,False,,1380,390,1380,1380,0,0,0,0,0,0,1,MNQM3,0,,,0,pass,True,none,
2023-05-11,development,True,2023-05-10T22:00:00+00:00,2023-05-11T21:00:00+00:00,2023-05-10T18:00:00-04:00,2023-05-11T17:00:00-04:00,False,False,,1380,390,1380,1380,0,0,0,0,0,0,1,MNQM3,0,,,0,pass,True,none,
2023-05-12,development,True,2023-05-11T22:00:00+00:00,2023-05-12T21:00:00+00:00,2023-05-11T18:00:00-04:00,2023-05-12T17:00:00-04:00,False,False,,1380,390,1380,1380,0,0,0,0,0,0,1,MNQM3,0,,,0,pass,True,none,
2023-05-15,development,True,2023-05-14T22:00:00+00:00,2023-05-15T21:00:00+00:00,2023-05-14T18:00:00-04:00,2023-05-15T17:00:00-04:00,False,False,,1380,390,1380,1380,0,0,0,0,0,0,1,MNQM3,0,,,0,pass,True,none,
2023-05-16,development,True,2023-05-15T22:00:00+00:00,2023-05-16T21:00:00+00:00,2023-05-15T18:00:00-04:00,2023-05-16T17:00:00-04:00,False,False,,1380,390,1380,1380,0,0,0,0,0,0,1,MNQM3,0,,,0,pass,True,none,
2023-05-17,development,True,2023-05-16T22:00:00+00:00,2023-05-17T21:00:00+00:00,2023-05-16T18:00:00-04:00,2023-05-17T17:00:00-04:00,False,False,,1380,390,1380,1380,0,0,0,0,0,0,1,MNQM3,0,,,0,pass,True,none,
2023-05-18,development,True,2023-05-17T22:00:00+00:00,2023-05-18T21:00:00+00:00,2023-05-17T18:00:00-04:00,2023-05-18T17:00:00-04:00,False,False,,1380,390,1380,1380,0,0,0,0,0,0,1,MNQM3,0,,,0,pass,True,none,
2023-05-19,development,True,2023-05-18T22:00:00+00:00,2023-05-19T21:00:00+00:00,2023-05-18T18:00:00-04:00,2023-05-19T17:00:00-04:00,False,False,,1380,390,1380,1380,0,0,0,0,0,0,1,MNQM3,0,,,0,pass,True,none,
2023-05-22,development,True,2023-05-21T22:00:00+00:00,2023-05-22T21:00:00+00:00,2023-05-21T18:00:00-04:00,2023-05-22T17:00:00-04:00,False,False,,1380,390,1380,1380,0,0,0,0,0,0,1,MNQM3,0,,,0,pass,True,none,
2023-05-23,development,True,2023-05-22T22:00:00+00:00,2023-05-23T21:00:00+00:00,2023-05-22T18:00:00-04:00,2023-05-23T17:00:00-04:00,False,False,,1380,390,1380,1380,0,0,0,0,0,0,1,MNQM3,0,,,0,pass,True,none,
2023-05-24,development,True,2023-05-23T22:00:00+00:00,2023-05-24T21:00:00+00:00,2023-05-23T18:00:00-04:00,2023-05-24T17:00:00-04:00,False,False,,1380,390,1380,1380,0,0,0,0,0,0,1,MNQM3,0,,,0,pass,True,none,
2023-05-25,development,True,2023-05-24T22:00:00+00:00,2023-05-25T21:00:00+00:00,2023-05-24T18:00:00-04:00,2023-05-25T17:00:00-04:00,False,False,,1380,390,1380,1380,0,0,0,0,0,0,1,MNQM3,0,,,0,pass,True,none,
2023-05-26,development,True,2023-05-25T22:00:00+00:00,2023-05-26T21:00:00+00:00,2023-05-25T18:00:00-04:00,2023-05-26T17:00:00-04:00,False,False,,1380,390,1380,1380,0,0,0,0,0,0,1,MNQM3,0,,,0,pass,True,none,
2023-05-29,development,True,2023-05-28T22:00:00+00:00,2023-05-29T17:00:00+00:00,2023-05-28T18:00:00-04:00,2023-05-29T13:00:00-04:00,True,False,,1140,210,1140,1140,0,0,0,0,0,0,1,MNQM3,0,,,0,pass,True,none,
2023-05-30,development,True,2023-05-29T22:00:00+00:00,2023-05-30T21:00:00+00:00,2023-05-29T18:00:00-04:00,2023-05-30T17:00:00-04:00,False,False,,1380,390,1380,1380,0,0,0,0,0,0,1,MNQM3,0,,,0,pass,True,none,
2023-05-31,development,True,2023-05-30T22:00:00+00:00,2023-05-31T21:00:00+00:00,2023-05-30T18:00:00-04:00,2023-05-31T17:00:00-04:00,False,False,,1380,390,1380,1380,0,0,0,0,0,0,1,MNQM3,0,,,0,pass,True,none,
2023-06-01,development,True,2023-05-31T22:00:00+00:00,2023-06-01T21:00:00+00:00,2023-05-31T18:00:00-04:00,2023-06-01T17:00:00-04:00,False,False,,1380,390,1380,1380,0,0,0,0,0,0,1,MNQM3,0,,,0,pass,True,none,
2023-06-02,development,True,2023-06-01T22:00:00+00:00,2023-06-02T21:00:00+00:00,2023-06-01T18:00:00-04:00,2023-06-02T17:00:00-04:00,False,False,,1380,390,1380,1380,0,0,0,0,0,0,1,MNQM3,0,,,0,pass,True,none,
2023-06-05,development,True,2023-06-04T22:00:00+00:00,2023-06-05T21:00:00+00:00,2023-06-04T18:00:00-04:00,2023-06-05T17:00:00-04:00,False,False,,1380,390,1380,1380,0,0,0,0,0,0,1,MNQM3,0,,,0,pass,True,none,
2023-06-06,development,True,2023-06-05T22:00:00+00:00,2023-06-06T21:00:00+00:00,2023-06-05T18:00:00-04:00,2023-06-06T17:00:00-04:00,False,False,,1380,390,1380,1380,0,0,0,0,0,0,1,MNQM3,0,,,0,pass,True,none,
2023-06-07,development,True,2023-06-06T22:00:00+00:00,2023-06-07T21:00:00+00:00,2023-06-06T18:00:00-04:00,2023-06-07T17:00:00-04:00,False,False,,1380,390,1380,1380,0,0,0,0,0,0,1,MNQM3,0,,,0,pass,True,none,
2023-06-08,development,True,2023-06-07T22:00:00+00:00,2023-06-08T21:00:00+00:00,2023-06-07T18:00:00-04:00,2023-06-08T17:00:00-04:00,False,False,,1380,390,1380,1380,0,0,0,0,0,0,1,MNQM3,0,,,0,pass,True,none,
2023-06-09,development,True,2023-06-08T22:00:00+00:00,2023-06-09T21:00:00+00:00,2023-06-08T18:00:00-04:00,2023-06-09T17:00:00-04:00,False,False,,1380,390,1380,1380,0,0,0,0,0,0,1,MNQM3,0,,,0,pass,True,none,
2023-06-12,development,True,2023-06-11T22:00:00+00:00,2023-06-12T21:00:00+00:00,2023-06-11T18:00:00-04:00,2023-06-12T17:00:00-04:00,False,False,,1380,390,1380,1380,0,0,0,0,0,0,1,MNQM3,0,,,0,pass,True,none,
2023-06-13,development,True,2023-06-12T22:00:00+00:00,2023-06-13T21:00:00+00:00,2023-06-12T18:00:00-04:00,2023-06-13T17:00:00-04:00,False,False,,1380,390,1380,1380,0,0,0,0,0,0,1,MNQM3,0,,,0,pass,True,none,
2023-06-14,development,True,2023-06-13T22:00:00+00:00,2023-06-14T21:00:00+00:00,2023-06-13T18:00:00-04:00,2023-06-14T17:00:00-04:00,False,False,,1380,390,1380,1380,0,0,0,0,0,0,2,MNQM3|MNQU3,1,,,0,excluded,False,high,multiple_contracts_within_session|roll_boundary_session
2023-06-15,development,True,2023-06-14T22:00:00+00:00,2023-06-15T21:00:00+00:00,2023-06-14T18:00:00-04:00,2023-06-15T17:00:00-04:00,False,False,,1380,390,1380,1380,0,0,0,0,0,0,1,MNQU3,0,,,0,pass,True,none,
2023-06-16,development,True,2023-06-15T22:00:00+00:00,2023-06-16T21:00:00+00:00,2023-06-15T18:00:00-04:00,2023-06-16T17:00:00-04:00,False,False,,1380,390,1380,1380,0,0,0,0,0,0,1,MNQU3,0,,,0,pass,True,none,
2023-06-19,development,True,2023-06-18T22:00:00+00:00,2023-06-19T17:00:00+00:00,2023-06-18T18:00:00-04:00,2023-06-19T13:00:00-04:00,True,False,,1140,210,1140,1140,0,0,0,0,0,0,1,MNQU3,0,,,0,pass,True,none,
2023-06-20,development,True,2023-06-19T22:00:00+00:00,2023-06-20T21:00:00+00:00,2023-06-19T18:00:00-04:00,2023-06-20T17:00:00-04:00,False,False,,1380,390,1380,1380,0,0,0,0,0,0,1,MNQU3,0,,,0,pass,True,none,
2023-06-21,development,True,2023-06-20T22:00:00+00:00,2023-06-21T21:00:00+00:00,2023-06-20T18:00:00-04:00,2023-06-21T17:00:00-04:00,False,False,,1380,390,1380,1380,0,0,0,0,0,0,1,MNQU3,0,,,0,pass,True,none,
2023-06-22,development,True,2023-06-21T22:00:00+00:00,2023-06-22T21:00:00+00:00,2023-06-21T18:00:00-04:00,2023-06-22T17:00:00-04:00,False,False,,1380,390,1380,1380,0,0,0,0,0,0,1,MNQU3,0,,,0,pass,True,none,
2023-06-23,development,True,2023-06-22T22:00:00+00:00,2023-06-23T21:00:00+00:00,2023-06-22T18:00:00-04:00,2023-06-23T17:00:00-04:00,False,False,,1380,390,1380,1380,0,0,0,0,0,0,1,MNQU3,0,,,0,pass,True,none,
2023-06-26,development,True,2023-06-25T22:00:00+00:00,2023-06-26T21:00:00+00:00,2023-06-25T18:00:00-04:00,2023-06-26T17:00:00-04:00,False,False,,1380,390,1380,1380,0,0,0,0,0,0,1,MNQU3,0,,,0,pass,True,none,
2023-06-27,development,True,2023-06-26T22:00:00+00:00,2023-06-27T21:00:00+00:00,2023-06-26T18:00:00-04:00,2023-06-27T17:00:00-04:00,False,False,,1380,390,1380,1380,0,0,0,0,0,0,1,MNQU3,0,,,0,pass,True,none,
2023-06-28,development,True,2023-06-27T22:00:00+00:00,2023-06-28T21:00:00+00:00,2023-06-27T18:00:00-04:00,2023-06-28T17:00:00-04:00,False,False,,1380,390,1380,1380,0,0,0,0,0,0,1,MNQU3,0,,,0,pass,True,none,
2023-06-29,development,True,2023-06-28T22:00:00+00:00,2023-06-29T21:00:00+00:00,2023-06-28T18:00:00-04:00,2023-06-29T17:00:00-04:00,False,False,,1380,390,1380,1380,0,0,0,0,0,0,1,MNQU3,0,,,0,pass,True,none,
2023-06-30,development,True,2023-06-29T22:00:00+00:00,2023-06-30T21:00:00+00:00,2023-06-29T18:00:00-04:00,2023-06-30T17:00:00-04:00,False,False,,1380,390,1380,1380,0,0,0,0,0,0,1,MNQU3,0,,,0,pass,True,none,
2023-07-03,development,True,2023-07-02T22:00:00+00:00,2023-07-03T17:15:00+00:00,2023-07-02T18:00:00-04:00,2023-07-03T13:15:00-04:00,True,False,,1155,225,1155,1155,0,0,0,0,0,0,1,MNQU3,0,,,0,pass,True,none,
2023-07-04,development,True,2023-07-03T22:00:00+00:00,2023-07-04T17:00:00+00:00,2023-07-03T18:00:00-04:00,2023-07-04T13:00:00-04:00,True,False,,1140,210,1139,1139,1,0,0,0,0,0,1,MNQU3,0,2023-07-03T22:48:00+00:00,2023-07-03T22:48:00+00:00,1,excluded,False,high,missing_expected_minutes
2023-07-05,development,True,2023-07-04T22:00:00+00:00,2023-07-05T21:00:00+00:00,2023-07-04T18:00:00-04:00,2023-07-05T17:00:00-04:00,False,False,,1380,390,1380,1380,0,0,0,0,0,0,1,MNQU3,0,,,0,pass,True,none,
2023-07-06,development,True,2023-07-05T22:00:00+00:00,2023-07-06T21:00:00+00:00,2023-07-05T18:00:00-04:00,2023-07-06T17:00:00-04:00,False,False,,1380,390,1380,1380,0,0,0,0,0,0,1,MNQU3,0,,,0,pass,True,none,
2023-07-07,development,True,2023-07-06T22:00:00+00:00,2023-07-07T21:00:00+00:00,2023-07-06T18:00:00-04:00,2023-07-07T17:00:00-04:00,False,False,,1380,390,1380,1380,0,0,0,0,0,0,1,MNQU3,0,,,0,pass,True,none,
2023-07-10,development,True,2023-07-09T22:00:00+00:00,2023-07-10T21:00:00+00:00,2023-07-09T18:00:00-04:00,2023-07-10T17:00:00-04:00,False,False,,1380,390,1380,1380,0,0,0,0,0,0,1,MNQU3,0,,,0,pass,True,none,
2023-07-11,development,True,2023-07-10T22:00:00+00:00,2023-07-11T21:00:00+00:00,2023-07-10T18:00:00-04:00,2023-07-11T17:00:00-04:00,False,False,,1380,390,1380,1380,0,0,0,0,0,0,1,MNQU3,0,,,0,pass,True,none,
2023-07-12,development,True,2023-07-11T22:00:00+00:00,2023-07-12T21:00:00+00:00,2023-07-11T18:00:00-04:00,2023-07-12T17:00:00-04:00,False,False,,1380,390,1380,1380,0,0,0,0,0,0,1,MNQU3,0,,,0,pass,True,none,
2023-07-13,development,True,2023-07-12T22:00:00+00:00,2023-07-13T21:00:00+00:00,2023-07-12T18:00:00-04:00,2023-07-13T17:00:00-04:00,False,False,,1380,390,1380,1380,0,0,0,0,0,0,1,MNQU3,0,,,0,pass,True,none,
2023-07-14,development,True,2023-07-13T22:00:00+00:00,2023-07-14T21:00:00+00:00,2023-07-13T18:00:00-04:00,2023-07-14T17:00:00-04:00,False,False,,1380,390,1380,1380,0,0,0,0,0,0,1,MNQU3,0,,,0,pass,True,none,
2023-07-17,development,True,2023-07-16T22:00:00+00:00,2023-07-17T21:00:00+00:00,2023-07-16T18:00:00-04:00,2023-07-17T17:00:00-04:00,False,False,,1380,390,1380,1380,0,0,0,0,0,0,1,MNQU3,0,,,0,pass,True,none,
2023-07-18,development,True,2023-07-17T22:00:00+00:00,2023-07-18T21:00:00+00:00,2023-07-17T18:00:00-04:00,2023-07-18T17:00:00-04:00,False,False,,1380,390,1380,1380,0,0,0,0,0,0,1,MNQU3,0,,,0,pass,True,none,
2023-07-19,development,True,2023-07-18T22:00:00+00:00,2023-07-19T21:00:00+00:00,2023-07-18T18:00:00-04:00,2023-07-19T17:00:00-04:00,False,False,,1380,390,1380,1380,0,0,0,0,0,0,1,MNQU3,0,,,0,pass,True,none,
2023-07-20,development,True,2023-07-19T22:00:00+00:00,2023-07-20T21:00:00+00:00,2023-07-19T18:00:00-04:00,2023-07-20T17:00:00-04:00,False,False,,1380,390,1380,1380,0,0,0,0,0,0,1,MNQU3,0,,,0,pass,True,none,
2023-07-21,development,True,2023-07-20T22:00:00+00:00,2023-07-21T21:00:00+00:00,2023-07-20T18:00:00-04:00,2023-07-21T17:00:00-04:00,False,False,,1380,390,1380,1380,0,0,0,0,0,0,1,MNQU3,0,,,0,pass,True,none,
2023-07-24,development,True,2023-07-23T22:00:00+00:00,2023-07-24T21:00:00+00:00,2023-07-23T18:00:00-04:00,2023-07-24T17:00:00-04:00,False,False,,1380,390,1380,1380,0,0,0,0,0,0,1,MNQU3,0,,,0,pass,True,none,
2023-07-25,development,True,2023-07-24T22:00:00+00:00,2023-07-25T21:00:00+00:00,2023-07-24T18:00:00-04:00,2023-07-25T17:00:00-04:00,False,False,,1380,390,1380,1380,0,0,0,0,0,0,1,MNQU3,0,,,0,pass,True,none,
2023-07-26,development,True,2023-07-25T22:00:00+00:00,2023-07-26T21:00:00+00:00,2023-07-25T18:00:00-04:00,2023-07-26T17:00:00-04:00,False,False,,1380,390,1380,1380,0,0,0,0,0,0,1,MNQU3,0,,,0,pass,True,none,
2023-07-27,development,True,2023-07-26T22:00:00+00:00,2023-07-27T21:00:00+00:00,2023-07-26T18:00:00-04:00,2023-07-27T17:00:00-04:00,False,False,,1380,390,1380,1380,0,0,0,0,0,0,1,MNQU3,0,,,0,pass,True,none,
2023-07-28,development,True,2023-07-27T22:00:00+00:00,2023-07-28T21:00:00+00:00,2023-07-27T18:00:00-04:00,2023-07-28T17:00:00-04:00,False,False,,1380,390,1380,1380,0,0,0,0,0,0,1,MNQU3,0,,,0,pass,True,none,
2023-07-31,development,True,2023-07-30T22:00:00+00:00,2023-07-31T21:00:00+00:00,2023-07-30T18:00:00-04:00,2023-07-31T17:00:00-04:00,False,False,,1380,390,1380,1380,0,0,0,0,0,0,1,MNQU3,0,,,0,pass,True,none,
2023-08-01,development,True,2023-07-31T22:00:00+00:00,2023-08-01T21:00:00+00:00,2023-07-31T18:00:00-04:00,2023-08-01T17:00:00-04:00,False,False,,1380,390,1380,1380,0,0,0,0,0,0,1,MNQU3,0,,,0,pass,True,none,
2023-08-02,development,True,2023-08-01T22:00:00+00:00,2023-08-02T21:00:00+00:00,2023-08-01T18:00:00-04:00,2023-08-02T17:00:00-04:00,False,False,,1380,390,1380,1380,0,0,0,0,0,0,1,MNQU3,0,,,0,pass,True,none,
2023-08-03,development,True,2023-08-02T22:00:00+00:00,2023-08-03T21:00:00+00:00,2023-08-02T18:00:00-04:00,2023-08-03T17:00:00-04:00,False,False,,1380,390,1380,1380,0,0,0,0,0,0,1,MNQU3,0,,,0,pass,True,none,
2023-08-04,development,True,2023-08-03T22:00:00+00:00,2023-08-04T21:00:00+00:00,2023-08-03T18:00:00-04:00,2023-08-04T17:00:00-04:00,False,False,,1380,390,1380,1380,0,0,0,0,0,0,1,MNQU3,0,,,0,pass,True,none,
2023-08-07,development,True,2023-08-06T22:00:00+00:00,2023-08-07T21:00:00+00:00,2023-08-06T18:00:00-04:00,2023-08-07T17:00:00-04:00,False,False,,1380,390,1380,1380,0,0,0,0,0,0,1,MNQU3,0,,,0,pass,True,none,
2023-08-08,development,True,2023-08-07T22:00:00+00:00,2023-08-08T21:00:00+00:00,2023-08-07T18:00:00-04:00,2023-08-08T17:00:00-04:00,False,False,,1380,390,1380,1380,0,0,0,0,0,0,1,MNQU3,0,,,0,pass,True,none,
2023-08-09,development,True,2023-08-08T22:00:00+00:00,2023-08-09T21:00:00+00:00,2023-08-08T18:00:00-04:00,2023-08-09T17:00:00-04:00,False,False,,1380,390,1380,1380,0,0,0,0,0,0,1,MNQU3,0,,,0,pass,True,none,
2023-08-10,development,True,2023-08-09T22:00:00+00:00,2023-08-10T21:00:00+00:00,2023-08-09T18:00:00-04:00,2023-08-10T17:00:00-04:00,False,False,,1380,390,1380,1380,0,0,0,0,0,0,1,MNQU3,0,,,0,pass,True,none,
2023-08-11,development,True,2023-08-10T22:00:00+00:00,2023-08-11T21:00:00+00:00,2023-08-10T18:00:00-04:00,2023-08-11T17:00:00-04:00,False,False,,1380,390,1380,1380,0,0,0,0,0,0,1,MNQU3,0,,,0,pass,True,none,
2023-08-14,development,True,2023-08-13T22:00:00+00:00,2023-08-14T21:00:00+00:00,2023-08-13T18:00:00-04:00,2023-08-14T17:00:00-04:00,False,False,,1380,390,1380,1380,0,0,0,0,0,0,1,MNQU3,0,,,0,pass,True,none,
2023-08-15,development,True,2023-08-14T22:00:00+00:00,2023-08-15T21:00:00+00:00,2023-08-14T18:00:00-04:00,2023-08-15T17:00:00-04:00,False,False,,1380,390,1380,1380,0,0,0,0,0,0,1,MNQU3,0,,,0,pass,True,none,
2023-08-16,development,True,2023-08-15T22:00:00+00:00,2023-08-16T21:00:00+00:00,2023-08-15T18:00:00-04:00,2023-08-16T17:00:00-04:00,False,False,,1380,390,1380,1380,0,0,0,0,0,0,1,MNQU3,0,,,0,pass,True,none,
2023-08-17,development,True,2023-08-16T22:00:00+00:00,2023-08-17T21:00:00+00:00,2023-08-16T18:00:00-04:00,2023-08-17T17:00:00-04:00,False,False,,1380,390,1380,1380,0,0,0,0,0,0,1,MNQU3,0,,,0,pass,True,none,
2023-08-18,development,True,2023-08-17T22:00:00+00:00,2023-08-18T21:00:00+00:00,2023-08-17T18:00:00-04:00,2023-08-18T17:00:00-04:00,False,False,,1380,390,1380,1380,0,0,0,0,0,0,1,MNQU3,0,,,0,pass,True,none,
2023-08-21,development,True,2023-08-20T22:00:00+00:00,2023-08-21T21:00:00+00:00,2023-08-20T18:00:00-04:00,2023-08-21T17:00:00-04:00,False,False,,1380,390,1380,1380,0,0,0,0,0,0,1,MNQU3,0,,,0,pass,True,none,
2023-08-22,development,True,2023-08-21T22:00:00+00:00,2023-08-22T21:00:00+00:00,2023-08-21T18:00:00-04:00,2023-08-22T17:00:00-04:00,False,False,,1380,390,1380,1380,0,0,0,0,0,0,1,MNQU3,0,,,0,pass,True,none,
2023-08-23,development,True,2023-08-22T22:00:00+00:00,2023-08-23T21:00:00+00:00,2023-08-22T18:00:00-04:00,2023-08-23T17:00:00-04:00,False,False,,1380,390,1380,1380,0,0,0,0,0,0,1,MNQU3,0,,,0,pass,True,none,
2023-08-24,development,True,2023-08-23T22:00:00+00:00,2023-08-24T21:00:00+00:00,2023-08-23T18:00:00-04:00,2023-08-24T17:00:00-04:00,False,False,,1380,390,1380,1380,0,0,0,0,0,0,1,MNQU3,0,,,0,pass,True,none,
2023-08-25,development,True,2023-08-24T22:00:00+00:00,2023-08-25T21:00:00+00:00,2023-08-24T18:00:00-04:00,2023-08-25T17:00:00-04:00,False,False,,1380,390,1379,1379,1,0,0,0,0,0,1,MNQU3,0,2023-08-25T20:45:00+00:00,2023-08-25T20:45:00+00:00,1,excluded,False,high,missing_expected_minutes
2023-08-28,development,True,2023-08-27T22:00:00+00:00,2023-08-28T21:00:00+00:00,2023-08-27T18:00:00-04:00,2023-08-28T17:00:00-04:00,False,False,,1380,390,1380,1380,0,0,0,0,0,0,1,MNQU3,0,,,0,pass,True,none,
2023-08-29,development,True,2023-08-28T22:00:00+00:00,2023-08-29T21:00:00+00:00,2023-08-28T18:00:00-04:00,2023-08-29T17:00:00-04:00,False,False,,1380,390,1380,1380,0,0,0,0,0,0,1,MNQU3,0,,,0,pass,True,none,
2023-08-30,development,True,2023-08-29T22:00:00+00:00,2023-08-30T21:00:00+00:00,2023-08-29T18:00:00-04:00,2023-08-30T17:00:00-04:00,False,False,,1380,390,1380,1380,0,0,0,0,0,0,1,MNQU3,0,,,0,pass,True,none,
2023-08-31,development,True,2023-08-30T22:00:00+00:00,2023-08-31T21:00:00+00:00,2023-08-30T18:00:00-04:00,2023-08-31T17:00:00-04:00,False,False,,1380,390,1380,1380,0,0,0,0,0,0,1,MNQU3,0,,,0,pass,True,none,
2023-09-01,development,True,2023-08-31T22:00:00+00:00,2023-09-01T21:00:00+00:00,2023-08-31T18:00:00-04:00,2023-09-01T17:00:00-04:00,False,False,,1380,390,1380,1380,0,0,0,0,0,0,1,MNQU3,0,,,0,pass,True,none,
2023-09-04,development,True,2023-09-03T22:00:00+00:00,2023-09-04T17:00:00+00:00,2023-09-03T18:00:00-04:00,2023-09-04T13:00:00-04:00,True,False,,1140,210,1140,1140,0,0,0,0,0,0,1,MNQU3,0,,,0,pass,True,none,
2023-09-05,development,True,2023-09-04T22:00:00+00:00,2023-09-05T21:00:00+00:00,2023-09-04T18:00:00-04:00,2023-09-05T17:00:00-04:00,False,False,,1380,390,1380,1380,0,0,0,0,0,0,1,MNQU3,0,,,0,pass,True,none,
2023-09-06,development,True,2023-09-05T22:00:00+00:00,2023-09-06T21:00:00+00:00,2023-09-05T18:00:00-04:00,2023-09-06T17:00:00-04:00,False,False,,1380,390,1380,1380,0,0,0,0,0,0,1,MNQU3,0,,,0,pass,True,none,
2023-09-07,development,True,2023-09-06T22:00:00+00:00,2023-09-07T21:00:00+00:00,2023-09-06T18:00:00-04:00,2023-09-07T17:00:00-04:00,False,False,,1380,390,1380,1380,0,0,0,0,0,0,1,MNQU3,0,,,0,pass,True,none,
2023-09-08,development,True,2023-09-07T22:00:00+00:00,2023-09-08T21:00:00+00:00,2023-09-07T18:00:00-04:00,2023-09-08T17:00:00-04:00,False,False,,1380,390,1380,1380,0,0,0,0,0,0,1,MNQU3,0,,,0,pass,True,none,
2023-09-11,development,True,2023-09-10T22:00:00+00:00,2023-09-11T21:00:00+00:00,2023-09-10T18:00:00-04:00,2023-09-11T17:00:00-04:00,False,False,,1380,390,1380,1380,0,0,0,0,0,0,1,MNQU3,0,,,0,pass,True,none,
2023-09-12,development,True,2023-09-11T22:00:00+00:00,2023-09-12T21:00:00+00:00,2023-09-11T18:00:00-04:00,2023-09-12T17:00:00-04:00,False,False,,1380,390,1380,1380,0,0,0,0,0,0,1,MNQU3,0,,,0,pass,True,none,
2023-09-13,development,True,2023-09-12T22:00:00+00:00,2023-09-13T21:00:00+00:00,2023-09-12T18:00:00-04:00,2023-09-13T17:00:00-04:00,False,False,,1380,390,1380,1380,0,0,0,0,0,0,2,MNQU3|MNQZ3,1,,,0,excluded,False,high,multiple_contracts_within_session|roll_boundary_session
2023-09-14,development,True,2023-09-13T22:00:00+00:00,2023-09-14T21:00:00+00:00,2023-09-13T18:00:00-04:00,2023-09-14T17:00:00-04:00,False,False,,1380,390,1380,1380,0,0,0,0,0,0,1,MNQZ3,0,,,0,pass,True,none,
2023-09-15,development,True,2023-09-14T22:00:00+00:00,2023-09-15T21:00:00+00:00,2023-09-14T18:00:00-04:00,2023-09-15T17:00:00-04:00,False,False,,1380,390,1380,1380,0,0,0,0,0,0,1,MNQZ3,0,,,0,pass,True,none,
2023-09-18,development,True,2023-09-17T22:00:00+00:00,2023-09-18T21:00:00+00:00,2023-09-17T18:00:00-04:00,2023-09-18T17:00:00-04:00,False,False,,1380,390,1380,1380,0,0,0,0,0,0,1,MNQZ3,0,,,0,pass,True,none,
2023-09-19,development,True,2023-09-18T22:00:00+00:00,2023-09-19T21:00:00+00:00,2023-09-18T18:00:00-04:00,2023-09-19T17:00:00-04:00,False,False,,1380,390,1380,1380,0,0,0,0,0,0,1,MNQZ3,0,,,0,pass,True,none,
2023-09-20,development,True,2023-09-19T22:00:00+00:00,2023-09-20T21:00:00+00:00,2023-09-19T18:00:00-04:00,2023-09-20T17:00:00-04:00,False,False,,1380,390,1380,1380,0,0,0,0,0,0,1,MNQZ3,0,,,0,pass,True,none,
2023-09-21,development,True,2023-09-20T22:00:00+00:00,2023-09-21T21:00:00+00:00,2023-09-20T18:00:00-04:00,2023-09-21T17:00:00-04:00,False,False,,1380,390,1380,1380,0,0,0,0,0,0,1,MNQZ3,0,,,0,pass,True,none,
2023-09-22,development,True,2023-09-21T22:00:00+00:00,2023-09-22T21:00:00+00:00,2023-09-21T18:00:00-04:00,2023-09-22T17:00:00-04:00,False,False,,1380,390,1380,1380,0,0,0,0,0,0,1,MNQZ3,0,,,0,pass,True,none,
2023-09-25,development,True,2023-09-24T22:00:00+00:00,2023-09-25T21:00:00+00:00,2023-09-24T18:00:00-04:00,2023-09-25T17:00:00-04:00,False,False,,1380,390,1380,1380,0,0,0,0,0,0,1,MNQZ3,0,,,0,pass,True,none,
2023-09-26,development,True,2023-09-25T22:00:00+00:00,2023-09-26T21:00:00+00:00,2023-09-25T18:00:00-04:00,2023-09-26T17:00:00-04:00,False,False,,1380,390,1380,1380,0,0,0,0,0,0,1,MNQZ3,0,,,0,pass,True,none,
2023-09-27,development,True,2023-09-26T22:00:00+00:00,2023-09-27T21:00:00+00:00,2023-09-26T18:00:00-04:00,2023-09-27T17:00:00-04:00,False,False,,1380,390,1380,1380,0,0,0,0,0,0,1,MNQZ3,0,,,0,pass,True,none,
2023-09-28,development,True,2023-09-27T22:00:00+00:00,2023-09-28T21:00:00+00:00,2023-09-27T18:00:00-04:00,2023-09-28T17:00:00-04:00,False,False,,1380,390,1380,1380,0,0,0,0,0,0,1,MNQZ3,0,,,0,pass,True,none,
2023-09-29,development,True,2023-09-28T22:00:00+00:00,2023-09-29T21:00:00+00:00,2023-09-28T18:00:00-04:00,2023-09-29T17:00:00-04:00,False,False,,1380,390,1380,1380,0,0,0,0,0,0,1,MNQZ3,0,,,0,pass,True,none,
2023-10-02,development,True,2023-10-01T22:00:00+00:00,2023-10-02T21:00:00+00:00,2023-10-01T18:00:00-04:00,2023-10-02T17:00:00-04:00,False,False,,1380,390,1380,1380,0,0,0,0,0,0,1,MNQZ3,0,,,0,pass,True,none,
2023-10-03,development,True,2023-10-02T22:00:00+00:00,2023-10-03T21:00:00+00:00,2023-10-02T18:00:00-04:00,2023-10-03T17:00:00-04:00,False,False,,1380,390,1380,1380,0,0,0,0,0,0,1,MNQZ3,0,,,0,pass,True,none,
2023-10-04,development,True,2023-10-03T22:00:00+00:00,2023-10-04T21:00:00+00:00,2023-10-03T18:00:00-04:00,2023-10-04T17:00:00-04:00,False,False,,1380,390,1380,1380,0,0,0,0,0,0,1,MNQZ3,0,,,0,pass,True,none,
2023-10-05,development,True,2023-10-04T22:00:00+00:00,2023-10-05T21:00:00+00:00,2023-10-04T18:00:00-04:00,2023-10-05T17:00:00-04:00,False,False,,1380,390,1380,1380,0,0,0,0,0,0,1,MNQZ3,0,,,0,pass,True,none,
2023-10-06,development,True,2023-10-05T22:00:00+00:00,2023-10-06T21:00:00+00:00,2023-10-05T18:00:00-04:00,2023-10-06T17:00:00-04:00,False,False,,1380,390,1380,1380,0,0,0,0,0,0,1,MNQZ3,0,,,0,pass,True,none,
2023-10-09,development,True,2023-10-08T22:00:00+00:00,2023-10-09T21:00:00+00:00,2023-10-08T18:00:00-04:00,2023-10-09T17:00:00-04:00,False,False,,1380,390,1380,1380,0,0,0,0,0,0,1,MNQZ3,0,,,0,pass,True,none,
2023-10-10,development,True,2023-10-09T22:00:00+00:00,2023-10-10T21:00:00+00:00,2023-10-09T18:00:00-04:00,2023-10-10T17:00:00-04:00,False,False,,1380,390,1380,1380,0,0,0,0,0,0,1,MNQZ3,0,,,0,pass,True,none,
2023-10-11,development,True,2023-10-10T22:00:00+00:00,2023-10-11T21:00:00+00:00,2023-10-10T18:00:00-04:00,2023-10-11T17:00:00-04:00,False,False,,1380,390,1380,1380,0,0,0,0,0,0,1,MNQZ3,0,,,0,pass,True,none,
2023-10-12,development,True,2023-10-11T22:00:00+00:00,2023-10-12T21:00:00+00:00,2023-10-11T18:00:00-04:00,2023-10-12T17:00:00-04:00,False,False,,1380,390,1380,1380,0,0,0,0,0,0,1,MNQZ3,0,,,0,pass,True,none,
2023-10-13,development,True,2023-10-12T22:00:00+00:00,2023-10-13T21:00:00+00:00,2023-10-12T18:00:00-04:00,2023-10-13T17:00:00-04:00,False,False,,1380,390,1380,1380,0,0,0,0,0,0,1,MNQZ3,0,,,0,pass,True,none,
2023-10-16,development,True,2023-10-15T22:00:00+00:00,2023-10-16T21:00:00+00:00,2023-10-15T18:00:00-04:00,2023-10-16T17:00:00-04:00,False,False,,1380,390,1380,1380,0,0,0,0,0,0,1,MNQZ3,0,,,0,pass,True,none,
2023-10-17,development,True,2023-10-16T22:00:00+00:00,2023-10-17T21:00:00+00:00,2023-10-16T18:00:00-04:00,2023-10-17T17:00:00-04:00,False,False,,1380,390,1380,1380,0,0,0,0,0,0,1,MNQZ3,0,,,0,pass,True,none,
2023-10-18,development,True,2023-10-17T22:00:00+00:00,2023-10-18T21:00:00+00:00,2023-10-17T18:00:00-04:00,2023-10-18T17:00:00-04:00,False,False,,1380,390,1380,1380,0,0,0,0,0,0,1,MNQZ3,0,,,0,pass,True,none,
2023-10-19,development,True,2023-10-18T22:00:00+00:00,2023-10-19T21:00:00+00:00,2023-10-18T18:00:00-04:00,2023-10-19T17:00:00-04:00,False,False,,1380,390,1380,1380,0,0,0,0,0,0,1,MNQZ3,0,,,0,pass,True,none,
2023-10-20,development,True,2023-10-19T22:00:00+00:00,2023-10-20T21:00:00+00:00,2023-10-19T18:00:00-04:00,2023-10-20T17:00:00-04:00,False,False,,1380,390,1380,1380,0,0,0,0,0,0,1,MNQZ3,0,,,0,pass,True,none,
2023-10-23,development,True,2023-10-22T22:00:00+00:00,2023-10-23T21:00:00+00:00,2023-10-22T18:00:00-04:00,2023-10-23T17:00:00-04:00,False,False,,1380,390,1380,1380,0,0,0,0,0,0,1,MNQZ3,0,,,0,pass,True,none,
2023-10-24,development,True,2023-10-23T22:00:00+00:00,2023-10-24T21:00:00+00:00,2023-10-23T18:00:00-04:00,2023-10-24T17:00:00-04:00,False,False,,1380,390,1380,1380,0,0,0,0,0,0,1,MNQZ3,0,,,0,pass,True,none,
2023-10-25,development,True,2023-10-24T22:00:00+00:00,2023-10-25T21:00:00+00:00,2023-10-24T18:00:00-04:00,2023-10-25T17:00:00-04:00,False,False,,1380,390,1380,1380,0,0,0,0,0,0,1,MNQZ3,0,,,0,pass,True,none,
2023-10-26,development,True,2023-10-25T22:00:00+00:00,2023-10-26T21:00:00+00:00,2023-10-25T18:00:00-04:00,2023-10-26T17:00:00-04:00,False,False,,1380,390,1380,1380,0,0,0,0,0,0,1,MNQZ3,0,,,0,pass,True,none,
2023-10-27,development,True,2023-10-26T22:00:00+00:00,2023-10-27T21:00:00+00:00,2023-10-26T18:00:00-04:00,2023-10-27T17:00:00-04:00,False,False,,1380,390,1380,1380,0,0,0,0,0,0,1,MNQZ3,0,,,0,pass,True,none,
2023-10-30,development,True,2023-10-29T22:00:00+00:00,2023-10-30T21:00:00+00:00,2023-10-29T18:00:00-04:00,2023-10-30T17:00:00-04:00,False,False,,1380,390,1380,1380,0,0,0,0,0,0,1,MNQZ3,0,,,0,pass,True,none,
2023-10-31,development,True,2023-10-30T22:00:00+00:00,2023-10-31T21:00:00+00:00,2023-10-30T18:00:00-04:00,2023-10-31T17:00:00-04:00,False,False,,1380,390,1380,1380,0,0,0,0,0,0,1,MNQZ3,0,,,0,pass,True,none,
2023-11-01,development,True,2023-10-31T22:00:00+00:00,2023-11-01T21:00:00+00:00,2023-10-31T18:00:00-04:00,2023-11-01T17:00:00-04:00,False,False,,1380,390,1380,1380,0,0,0,0,0,0,1,MNQZ3,0,,,0,pass,True,none,
2023-11-02,development,True,2023-11-01T22:00:00+00:00,2023-11-02T21:00:00+00:00,2023-11-01T18:00:00-04:00,2023-11-02T17:00:00-04:00,False,False,,1380,390,1380,1380,0,0,0,0,0,0,1,MNQZ3,0,,,0,pass,True,none,
2023-11-03,development,True,2023-11-02T22:00:00+00:00,2023-11-03T21:00:00+00:00,2023-11-02T18:00:00-04:00,2023-11-03T17:00:00-04:00,False,False,,1380,390,1380,1380,0,0,0,0,0,0,1,MNQZ3,0,,,0,pass,True,none,
2023-11-06,development,True,2023-11-05T23:00:00+00:00,2023-11-06T22:00:00+00:00,2023-11-05T18:00:00-05:00,2023-11-06T17:00:00-05:00,False,False,,1380,390,1380,1380,0,0,0,0,0,0,1,MNQZ3,0,,,0,pass,True,none,
2023-11-07,development,True,2023-11-06T23:00:00+00:00,2023-11-07T22:00:00+00:00,2023-11-06T18:00:00-05:00,2023-11-07T17:00:00-05:00,False,False,,1380,390,1380,1380,0,0,0,0,0,0,1,MNQZ3,0,,,0,pass,True,none,
2023-11-08,development,True,2023-11-07T23:00:00+00:00,2023-11-08T22:00:00+00:00,2023-11-07T18:00:00-05:00,2023-11-08T17:00:00-05:00,False,False,,1380,390,1380,1380,0,0,0,0,0,0,1,MNQZ3,0,,,0,pass,True,none,
2023-11-09,development,True,2023-11-08T23:00:00+00:00,2023-11-09T22:00:00+00:00,2023-11-08T18:00:00-05:00,2023-11-09T17:00:00-05:00,False,False,,1380,390,1380,1380,0,0,0,0,0,0,1,MNQZ3,0,,,0,pass,True,none,
2023-11-10,development,True,2023-11-09T23:00:00+00:00,2023-11-10T22:00:00+00:00,2023-11-09T18:00:00-05:00,2023-11-10T17:00:00-05:00,False,False,,1380,390,1380,1380,0,0,0,0,0,0,1,MNQZ3,0,,,0,pass,True,none,
2023-11-13,development,True,2023-11-12T23:00:00+00:00,2023-11-13T22:00:00+00:00,2023-11-12T18:00:00-05:00,2023-11-13T17:00:00-05:00,False,False,,1380,390,1380,1380,0,0,0,0,0,0,1,MNQZ3,0,,,0,pass,True,none,
2023-11-14,development,True,2023-11-13T23:00:00+00:00,2023-11-14T22:00:00+00:00,2023-11-13T18:00:00-05:00,2023-11-14T17:00:00-05:00,False,False,,1380,390,1380,1380,0,0,0,0,0,0,1,MNQZ3,0,,,0,pass,True,none,
2023-11-15,development,True,2023-11-14T23:00:00+00:00,2023-11-15T22:00:00+00:00,2023-11-14T18:00:00-05:00,2023-11-15T17:00:00-05:00,False,False,,1380,390,1380,1380,0,0,0,0,0,0,1,MNQZ3,0,,,0,pass,True,none,
2023-11-16,development,True,2023-11-15T23:00:00+00:00,2023-11-16T22:00:00+00:00,2023-11-15T18:00:00-05:00,2023-11-16T17:00:00-05:00,False,False,,1380,390,1380,1380,0,0,0,0,0,0,1,MNQZ3,0,,,0,pass,True,none,
2023-11-17,development,True,2023-11-16T23:00:00+00:00,2023-11-17T22:00:00+00:00,2023-11-16T18:00:00-05:00,2023-11-17T17:00:00-05:00,False,False,,1380,390,1380,1380,0,0,0,0,0,0,1,MNQZ3,0,,,0,pass,True,none,
2023-11-20,development,True,2023-11-19T23:00:00+00:00,2023-11-20T22:00:00+00:00,2023-11-19T18:00:00-05:00,2023-11-20T17:00:00-05:00,False,False,,1380,390,1380,1380,0,0,0,0,0,0,1,MNQZ3,0,,,0,pass,True,none,
2023-11-21,development,True,2023-11-20T23:00:00+00:00,2023-11-21T22:00:00+00:00,2023-11-20T18:00:00-05:00,2023-11-21T17:00:00-05:00,False,False,,1380,390,1380,1380,0,0,0,0,0,0,1,MNQZ3,0,,,0,pass,True,none,
2023-11-22,development,True,2023-11-21T23:00:00+00:00,2023-11-22T22:00:00+00:00,2023-11-21T18:00:00-05:00,2023-11-22T17:00:00-05:00,False,False,,1380,390,1380,1380,0,0,0,0,0,0,1,MNQZ3,0,,,0,pass,True,none,
2023-11-23,development,True,2023-11-22T23:00:00+00:00,2023-11-23T18:00:00+00:00,2023-11-22T18:00:00-05:00,2023-11-23T13:00:00-05:00,True,False,,1140,210,1140,1140,0,0,0,0,0,0,1,MNQZ3,0,,,0,pass,True,none,
2023-11-24,development,True,2023-11-23T23:00:00+00:00,2023-11-24T18:15:00+00:00,2023-11-23T18:00:00-05:00,2023-11-24T13:15:00-05:00,True,False,,1155,225,1155,1155,0,0,0,0,0,0,1,MNQZ3,0,,,0,pass,True,none,
2023-11-27,development,True,2023-11-26T23:00:00+00:00,2023-11-27T22:00:00+00:00,2023-11-26T18:00:00-05:00,2023-11-27T17:00:00-05:00,False,False,,1380,390,1380,1380,0,0,0,0,0,0,1,MNQZ3,0,,,0,pass,True,none,
2023-11-28,development,True,2023-11-27T23:00:00+00:00,2023-11-28T22:00:00+00:00,2023-11-27T18:00:00-05:00,2023-11-28T17:00:00-05:00,False,False,,1380,390,1380,1380,0,0,0,0,0,0,1,MNQZ3,0,,,0,pass,True,none,
2023-11-29,development,True,2023-11-28T23:00:00+00:00,2023-11-29T22:00:00+00:00,2023-11-28T18:00:00-05:00,2023-11-29T17:00:00-05:00,False,False,,1380,390,1380,1380,0,0,0,0,0,0,1,MNQZ3,0,,,0,pass,True,none,
2023-11-30,development,True,2023-11-29T23:00:00+00:00,2023-11-30T22:00:00+00:00,2023-11-29T18:00:00-05:00,2023-11-30T17:00:00-05:00,False,False,,1380,390,1380,1380,0,0,0,0,0,0,1,MNQZ3,0,,,0,pass,True,none,
2023-12-01,development,True,2023-11-30T23:00:00+00:00,2023-12-01T22:00:00+00:00,2023-11-30T18:00:00-05:00,2023-12-01T17:00:00-05:00,False,False,,1380,390,1380,1380,0,0,0,0,0,0,1,MNQZ3,0,,,0,pass,True,none,
2023-12-04,development,True,2023-12-03T23:00:00+00:00,2023-12-04T22:00:00+00:00,2023-12-03T18:00:00-05:00,2023-12-04T17:00:00-05:00,False,False,,1380,390,1380,1380,0,0,0,0,0,0,1,MNQZ3,0,,,0,pass,True,none,
2023-12-05,development,True,2023-12-04T23:00:00+00:00,2023-12-05T22:00:00+00:00,2023-12-04T18:00:00-05:00,2023-12-05T17:00:00-05:00,False,False,,1380,390,1380,1380,0,0,0,0,0,0,1,MNQZ3,0,,,0,pass,True,none,
2023-12-06,development,True,2023-12-05T23:00:00+00:00,2023-12-06T22:00:00+00:00,2023-12-05T18:00:00-05:00,2023-12-06T17:00:00-05:00,False,False,,1380,390,1380,1380,0,0,0,0,0,0,1,MNQZ3,0,,,0,pass,True,none,
2023-12-07,development,True,2023-12-06T23:00:00+00:00,2023-12-07T22:00:00+00:00,2023-12-06T18:00:00-05:00,2023-12-07T17:00:00-05:00,False,False,,1380,390,1380,1380,0,0,0,0,0,0,1,MNQZ3,0,,,0,pass,True,none,
2023-12-08,development,True,2023-12-07T23:00:00+00:00,2023-12-08T22:00:00+00:00,2023-12-07T18:00:00-05:00,2023-12-08T17:00:00-05:00,False,False,,1380,390,1380,1380,0,0,0,0,0,0,1,MNQZ3,0,,,0,pass,True,none,
2023-12-11,development,True,2023-12-10T23:00:00+00:00,2023-12-11T22:00:00+00:00,2023-12-10T18:00:00-05:00,2023-12-11T17:00:00-05:00,False,False,,1380,390,1380,1380,0,0,0,0,0,0,1,MNQZ3,0,,,0,pass,True,none,
2023-12-12,development,True,2023-12-11T23:00:00+00:00,2023-12-12T22:00:00+00:00,2023-12-11T18:00:00-05:00,2023-12-12T17:00:00-05:00,False,False,,1380,390,1380,1380,0,0,0,0,0,0,1,MNQZ3,0,,,0,pass,True,none,
2023-12-13,development,True,2023-12-12T23:00:00+00:00,2023-12-13T22:00:00+00:00,2023-12-12T18:00:00-05:00,2023-12-13T17:00:00-05:00,False,False,,1380,390,1378,1378,2,0,0,0,0,0,1,MNQZ3,0,2023-12-13T02:44:00+00:00,2023-12-13T04:31:00+00:00,1,excluded,False,high,missing_expected_minutes
2023-12-14,development,True,2023-12-13T23:00:00+00:00,2023-12-14T22:00:00+00:00,2023-12-13T18:00:00-05:00,2023-12-14T17:00:00-05:00,False,False,,1380,390,1380,1380,0,0,0,0,0,0,2,MNQZ3|MNQH4,1,,,0,excluded,False,high,multiple_contracts_within_session|roll_boundary_session
2023-12-15,development,True,2023-12-14T23:00:00+00:00,2023-12-15T22:00:00+00:00,2023-12-14T18:00:00-05:00,2023-12-15T17:00:00-05:00,False,False,,1380,390,1380,1380,0,0,0,0,0,0,1,MNQH4,0,,,0,pass,True,none,
2023-12-18,development,True,2023-12-17T23:00:00+00:00,2023-12-18T22:00:00+00:00,2023-12-17T18:00:00-05:00,2023-12-18T17:00:00-05:00,False,False,,1380,390,1380,1380,0,0,0,0,0,0,1,MNQH4,0,,,0,pass,True,none,
2023-12-19,development,True,2023-12-18T23:00:00+00:00,2023-12-19T22:00:00+00:00,2023-12-18T18:00:00-05:00,2023-12-19T17:00:00-05:00,False,False,,1380,390,1380,1380,0,0,0,0,0,0,1,MNQH4,0,,,0,pass,True,none,
2023-12-20,development,True,2023-12-19T23:00:00+00:00,2023-12-20T22:00:00+00:00,2023-12-19T18:00:00-05:00,2023-12-20T17:00:00-05:00,False,False,,1380,390,1380,1380,0,0,0,0,0,0,1,MNQH4,0,,,0,pass,True,none,
2023-12-21,development,True,2023-12-20T23:00:00+00:00,2023-12-21T22:00:00+00:00,2023-12-20T18:00:00-05:00,2023-12-21T17:00:00-05:00,False,False,,1380,390,1380,1380,0,0,0,0,0,0,1,MNQH4,0,,,0,pass,True,none,
2023-12-22,development,True,2023-12-21T23:00:00+00:00,2023-12-22T22:00:00+00:00,2023-12-21T18:00:00-05:00,2023-12-22T17:00:00-05:00,False,False,,1380,390,1380,1380,0,0,0,0,0,0,1,MNQH4,0,,,0,pass,True,none,
2023-12-26,development,True,2023-12-25T23:00:00+00:00,2023-12-26T22:00:00+00:00,2023-12-25T18:00:00-05:00,2023-12-26T17:00:00-05:00,False,False,,1380,390,1380,1380,0,0,0,0,0,0,1,MNQH4,0,,,0,pass,True,none,
2023-12-27,development,True,2023-12-26T23:00:00+00:00,2023-12-27T22:00:00+00:00,2023-12-26T18:00:00-05:00,2023-12-27T17:00:00-05:00,False,False,,1380,390,1380,1380,0,0,0,0,0,0,1,MNQH4,0,,,0,pass,True,none,
2023-12-28,development,True,2023-12-27T23:00:00+00:00,2023-12-28T22:00:00+00:00,2023-12-27T18:00:00-05:00,2023-12-28T17:00:00-05:00,False,False,,1380,390,1380,1380,0,0,0,0,0,0,1,MNQH4,0,,,0,pass,True,none,
2023-12-29,development,True,2023-12-28T23:00:00+00:00,2023-12-29T22:00:00+00:00,2023-12-28T18:00:00-05:00,2023-12-29T17:00:00-05:00,False,False,,1380,390,1380,1380,0,0,0,0,0,0,1,MNQH4,0,,,0,pass,True,none,
2024-01-02,development,True,2024-01-01T23:00:00+00:00,2024-01-02T22:00:00+00:00,2024-01-01T18:00:00-05:00,2024-01-02T17:00:00-05:00,False,False,,1380,390,1380,1380,0,0,0,0,0,0,1,MNQH4,0,,,0,pass,True,none,
2024-01-03,development,True,2024-01-02T23:00:00+00:00,2024-01-03T22:00:00+00:00,2024-01-02T18:00:00-05:00,2024-01-03T17:00:00-05:00,False,False,,1380,390,1380,1380,0,0,0,0,0,0,1,MNQH4,0,,,0,pass,True,none,
2024-01-04,development,True,2024-01-03T23:00:00+00:00,2024-01-04T22:00:00+00:00,2024-01-03T18:00:00-05:00,2024-01-04T17:00:00-05:00,False,False,,1380,390,1380,1380,0,0,0,0,0,0,1,MNQH4,0,,,0,pass,True,none,
2024-01-05,development,True,2024-01-04T23:00:00+00:00,2024-01-05T22:00:00+00:00,2024-01-04T18:00:00-05:00,2024-01-05T17:00:00-05:00,False,False,,1380,390,1380,1380,0,0,0,0,0,0,1,MNQH4,0,,,0,pass,True,none,
2024-01-08,development,True,2024-01-07T23:00:00+00:00,2024-01-08T22:00:00+00:00,2024-01-07T18:00:00-05:00,2024-01-08T17:00:00-05:00,False,False,,1380,390,1380,1380,0,0,0,0,0,0,1,MNQH4,0,,,0,pass,True,none,
2024-01-09,development,True,2024-01-08T23:00:00+00:00,2024-01-09T22:00:00+00:00,2024-01-08T18:00:00-05:00,2024-01-09T17:00:00-05:00,False,False,,1380,390,1380,1380,0,0,0,0,0,0,1,MNQH4,0,,,0,pass,True,none,
2024-01-10,development,True,2024-01-09T23:00:00+00:00,2024-01-10T22:00:00+00:00,2024-01-09T18:00:00-05:00,2024-01-10T17:00:00-05:00,False,False,,1380,390,1380,1380,0,0,0,0,0,0,1,MNQH4,0,,,0,pass,True,none,
2024-01-11,development,True,2024-01-10T23:00:00+00:00,2024-01-11T22:00:00+00:00,2024-01-10T18:00:00-05:00,2024-01-11T17:00:00-05:00,False,False,,1380,390,1380,1380,0,0,0,0,0,0,1,MNQH4,0,,,0,pass,True,none,
2024-01-12,development,True,2024-01-11T23:00:00+00:00,2024-01-12T22:00:00+00:00,2024-01-11T18:00:00-05:00,2024-01-12T17:00:00-05:00,False,False,,1380,390,1380,1380,0,0,0,0,0,0,1,MNQH4,0,,,0,pass,True,none,
2024-01-15,development,True,2024-01-14T23:00:00+00:00,2024-01-15T18:00:00+00:00,2024-01-14T18:00:00-05:00,2024-01-15T13:00:00-05:00,True,False,,1140,210,1140,1140,0,0,0,0,0,0,1,MNQH4,0,,,0,pass,True,none,
2024-01-16,development,True,2024-01-15T23:00:00+00:00,2024-01-16T22:00:00+00:00,2024-01-15T18:00:00-05:00,2024-01-16T17:00:00-05:00,False,False,,1380,390,1380,1380,0,0,0,0,0,0,1,MNQH4,0,,,0,pass,True,none,
2024-01-17,development,True,2024-01-16T23:00:00+00:00,2024-01-17T22:00:00+00:00,2024-01-16T18:00:00-05:00,2024-01-17T17:00:00-05:00,False,False,,1380,390,1380,1380,0,0,0,0,0,0,1,MNQH4,0,,,0,pass,True,none,
2024-01-18,development,True,2024-01-17T23:00:00+00:00,2024-01-18T22:00:00+00:00,2024-01-17T18:00:00-05:00,2024-01-18T17:00:00-05:00,False,False,,1380,390,1380,1380,0,0,0,0,0,0,1,MNQH4,0,,,0,pass,True,none,
2024-01-19,development,True,2024-01-18T23:00:00+00:00,2024-01-19T22:00:00+00:00,2024-01-18T18:00:00-05:00,2024-01-19T17:00:00-05:00,False,False,,1380,390,1380,1380,0,0,0,0,0,0,1,MNQH4,0,,,0,pass,True,none,
2024-01-22,development,True,2024-01-21T23:00:00+00:00,2024-01-22T22:00:00+00:00,2024-01-21T18:00:00-05:00,2024-01-22T17:00:00-05:00,False,False,,1380,390,1380,1380,0,0,0,0,0,0,1,MNQH4,0,,,0,pass,True,none,
2024-01-23,development,True,2024-01-22T23:00:00+00:00,2024-01-23T22:00:00+00:00,2024-01-22T18:00:00-05:00,2024-01-23T17:00:00-05:00,False,False,,1380,390,1380,1380,0,0,0,0,0,0,1,MNQH4,0,,,0,pass,True,none,
2024-01-24,development,True,2024-01-23T23:00:00+00:00,2024-01-24T22:00:00+00:00,2024-01-23T18:00:00-05:00,2024-01-24T17:00:00-05:00,False,False,,1380,390,1380,1380,0,0,0,0,0,0,1,MNQH4,0,,,0,pass,True,none,
2024-01-25,development,True,2024-01-24T23:00:00+00:00,2024-01-25T22:00:00+00:00,2024-01-24T18:00:00-05:00,2024-01-25T17:00:00-05:00,False,False,,1380,390,1380,1380,0,0,0,0,0,0,1,MNQH4,0,,,0,pass,True,none,
2024-01-26,development,True,2024-01-25T23:00:00+00:00,2024-01-26T22:00:00+00:00,2024-01-25T18:00:00-05:00,2024-01-26T17:00:00-05:00,False,False,,1380,390,1380,1380,0,0,0,0,0,0,1,MNQH4,0,,,0,pass,True,none,
2024-01-29,development,True,2024-01-28T23:00:00+00:00,2024-01-29T22:00:00+00:00,2024-01-28T18:00:00-05:00,2024-01-29T17:00:00-05:00,False,False,,1380,390,1380,1380,0,0,0,0,0,0,1,MNQH4,0,,,0,pass,True,none,
2024-01-30,development,True,2024-01-29T23:00:00+00:00,2024-01-30T22:00:00+00:00,2024-01-29T18:00:00-05:00,2024-01-30T17:00:00-05:00,False,False,,1380,390,1380,1380,0,0,0,0,0,0,1,MNQH4,0,,,0,pass,True,none,
2024-01-31,development,True,2024-01-30T23:00:00+00:00,2024-01-31T22:00:00+00:00,2024-01-30T18:00:00-05:00,2024-01-31T17:00:00-05:00,False,False,,1380,390,1380,1380,0,0,0,0,0,0,1,MNQH4,0,,,0,pass,True,none,
2024-02-01,development,True,2024-01-31T23:00:00+00:00,2024-02-01T22:00:00+00:00,2024-01-31T18:00:00-05:00,2024-02-01T17:00:00-05:00,False,False,,1380,390,1380,1380,0,0,0,0,0,0,1,MNQH4,0,,,0,pass,True,none,
2024-02-02,development,True,2024-02-01T23:00:00+00:00,2024-02-02T22:00:00+00:00,2024-02-01T18:00:00-05:00,2024-02-02T17:00:00-05:00,False,False,,1380,390,1380,1380,0,0,0,0,0,0,1,MNQH4,0,,,0,pass,True,none,
2024-02-05,development,True,2024-02-04T23:00:00+00:00,2024-02-05T22:00:00+00:00,2024-02-04T18:00:00-05:00,2024-02-05T17:00:00-05:00,False,False,,1380,390,1380,1380,0,0,0,0,0,0,1,MNQH4,0,,,0,pass,True,none,
2024-02-06,development,True,2024-02-05T23:00:00+00:00,2024-02-06T22:00:00+00:00,2024-02-05T18:00:00-05:00,2024-02-06T17:00:00-05:00,False,False,,1380,390,1380,1380,0,0,0,0,0,0,1,MNQH4,0,,,0,pass,True,none,
2024-02-07,development,True,2024-02-06T23:00:00+00:00,2024-02-07T22:00:00+00:00,2024-02-06T18:00:00-05:00,2024-02-07T17:00:00-05:00,False,False,,1380,390,1380,1380,0,0,0,0,0,0,1,MNQH4,0,,,0,pass,True,none,
2024-02-08,development,True,2024-02-07T23:00:00+00:00,2024-02-08T22:00:00+00:00,2024-02-07T18:00:00-05:00,2024-02-08T17:00:00-05:00,False,False,,1380,390,1380,1380,0,0,0,0,0,0,1,MNQH4,0,,,0,pass,True,none,
2024-02-09,development,True,2024-02-08T23:00:00+00:00,2024-02-09T22:00:00+00:00,2024-02-08T18:00:00-05:00,2024-02-09T17:00:00-05:00,False,False,,1380,390,1380,1380,0,0,0,0,0,0,1,MNQH4,0,,,0,pass,True,none,
2024-02-12,development,True,2024-02-11T23:00:00+00:00,2024-02-12T22:00:00+00:00,2024-02-11T18:00:00-05:00,2024-02-12T17:00:00-05:00,False,False,,1380,390,1380,1380,0,0,0,0,0,0,1,MNQH4,0,,,0,pass,True,none,
2024-02-13,development,True,2024-02-12T23:00:00+00:00,2024-02-13T22:00:00+00:00,2024-02-12T18:00:00-05:00,2024-02-13T17:00:00-05:00,False,False,,1380,390,1380,1380,0,0,0,0,0,0,1,MNQH4,0,,,0,pass,True,none,
2024-02-14,development,True,2024-02-13T23:00:00+00:00,2024-02-14T22:00:00+00:00,2024-02-13T18:00:00-05:00,2024-02-14T17:00:00-05:00,False,False,,1380,390,1380,1380,0,0,0,0,0,0,1,MNQH4,0,,,0,pass,True,none,
2024-02-15,development,True,2024-02-14T23:00:00+00:00,2024-02-15T22:00:00+00:00,2024-02-14T18:00:00-05:00,2024-02-15T17:00:00-05:00,False,False,,1380,390,1380,1380,0,0,0,0,0,0,1,MNQH4,0,,,0,pass,True,none,
2024-02-16,development,True,2024-02-15T23:00:00+00:00,2024-02-16T22:00:00+00:00,2024-02-15T18:00:00-05:00,2024-02-16T17:00:00-05:00,False,False,,1380,390,1380,1380,0,0,0,0,0,0,1,MNQH4,0,,,0,pass,True,none,
2024-02-19,development,True,2024-02-18T23:00:00+00:00,2024-02-19T18:00:00+00:00,2024-02-18T18:00:00-05:00,2024-02-19T13:00:00-05:00,True,False,,1140,210,1140,1140,0,0,0,0,0,0,1,MNQH4,0,,,0,pass,True,none,
2024-02-20,development,True,2024-02-19T23:00:00+00:00,2024-02-20T22:00:00+00:00,2024-02-19T18:00:00-05:00,2024-02-20T17:00:00-05:00,False,False,,1380,390,1380,1380,0,0,0,0,0,0,1,MNQH4,0,,,0,pass,True,none,
2024-02-21,development,True,2024-02-20T23:00:00+00:00,2024-02-21T22:00:00+00:00,2024-02-20T18:00:00-05:00,2024-02-21T17:00:00-05:00,False,False,,1380,390,1380,1380,0,0,0,0,0,0,1,MNQH4,0,,,0,pass,True,none,
2024-02-22,development,True,2024-02-21T23:00:00+00:00,2024-02-22T22:00:00+00:00,2024-02-21T18:00:00-05:00,2024-02-22T17:00:00-05:00,False,False,,1380,390,1380,1380,0,0,0,0,0,0,1,MNQH4,0,,,0,pass,True,none,
2024-02-23,development,True,2024-02-22T23:00:00+00:00,2024-02-23T22:00:00+00:00,2024-02-22T18:00:00-05:00,2024-02-23T17:00:00-05:00,False,False,,1380,390,1380,1380,0,0,0,0,0,0,1,MNQH4,0,,,0,pass,True,none,
2024-02-26,development,True,2024-02-25T23:00:00+00:00,2024-02-26T22:00:00+00:00,2024-02-25T18:00:00-05:00,2024-02-26T17:00:00-05:00,False,False,,1380,390,1380,1380,0,0,0,0,0,0,1,MNQH4,0,,,0,pass,True,none,
2024-02-27,development,True,2024-02-26T23:00:00+00:00,2024-02-27T22:00:00+00:00,2024-02-26T18:00:00-05:00,2024-02-27T17:00:00-05:00,False,False,,1380,390,1380,1380,0,0,0,0,0,0,1,MNQH4,0,,,0,pass,True,none,
2024-02-28,development,True,2024-02-27T23:00:00+00:00,2024-02-28T22:00:00+00:00,2024-02-27T18:00:00-05:00,2024-02-28T17:00:00-05:00,False,False,,1380,390,1380,1380,0,0,0,0,0,0,1,MNQH4,0,,,0,pass,True,none,
2024-02-29,development,True,2024-02-28T23:00:00+00:00,2024-02-29T22:00:00+00:00,2024-02-28T18:00:00-05:00,2024-02-29T17:00:00-05:00,False,False,,1380,390,1380,1380,0,0,0,0,0,0,1,MNQH4,0,,,0,pass,True,none,
2024-03-01,development,True,2024-02-29T23:00:00+00:00,2024-03-01T22:00:00+00:00,2024-02-29T18:00:00-05:00,2024-03-01T17:00:00-05:00,False,False,,1380,390,1380,1380,0,0,0,0,0,0,1,MNQH4,0,,,0,pass,True,none,
2024-03-04,development,True,2024-03-03T23:00:00+00:00,2024-03-04T22:00:00+00:00,2024-03-03T18:00:00-05:00,2024-03-04T17:00:00-05:00,False,False,,1380,390,1380,1380,0,0,0,0,0,0,1,MNQH4,0,,,0,pass,True,none,
2024-03-05,development,True,2024-03-04T23:00:00+00:00,2024-03-05T22:00:00+00:00,2024-03-04T18:00:00-05:00,2024-03-05T17:00:00-05:00,False,False,,1380,390,1380,1380,0,0,0,0,0,0,1,MNQH4,0,,,0,pass,True,none,
2024-03-06,development,True,2024-03-05T23:00:00+00:00,2024-03-06T22:00:00+00:00,2024-03-05T18:00:00-05:00,2024-03-06T17:00:00-05:00,False,False,,1380,390,1380,1380,0,0,0,0,0,0,1,MNQH4,0,,,0,pass,True,none,
2024-03-07,development,True,2024-03-06T23:00:00+00:00,2024-03-07T22:00:00+00:00,2024-03-06T18:00:00-05:00,2024-03-07T17:00:00-05:00,False,False,,1380,390,1380,1380,0,0,0,0,0,0,1,MNQH4,0,,,0,pass,True,none,
2024-03-08,development,True,2024-03-07T23:00:00+00:00,2024-03-08T22:00:00+00:00,2024-03-07T18:00:00-05:00,2024-03-08T17:00:00-05:00,False,False,,1380,390,1380,1380,0,0,0,0,0,0,1,MNQH4,0,,,0,pass,True,none,
2024-03-11,development,True,2024-03-10T22:00:00+00:00,2024-03-11T21:00:00+00:00,2024-03-10T18:00:00-04:00,2024-03-11T17:00:00-04:00,False,False,,1380,390,1380,1380,0,0,0,0,0,0,1,MNQH4,0,,,0,pass,True,none,
2024-03-12,development,True,2024-03-11T22:00:00+00:00,2024-03-12T21:00:00+00:00,2024-03-11T18:00:00-04:00,2024-03-12T17:00:00-04:00,False,False,,1380,390,1380,1380,0,0,0,0,0,0,1,MNQH4,0,,,0,pass,True,none,
2024-03-13,development,True,2024-03-12T22:00:00+00:00,2024-03-13T21:00:00+00:00,2024-03-12T18:00:00-04:00,2024-03-13T17:00:00-04:00,False,False,,1380,390,1380,1380,0,0,0,0,0,0,2,MNQH4|MNQM4,1,,,0,excluded,False,high,multiple_contracts_within_session|roll_boundary_session
2024-03-14,development,True,2024-03-13T22:00:00+00:00,2024-03-14T21:00:00+00:00,2024-03-13T18:00:00-04:00,2024-03-14T17:00:00-04:00,False,False,,1380,390,1380,1380,0,0,0,0,0,0,1,MNQM4,0,,,0,pass,True,none,
2024-03-15,development,True,2024-03-14T22:00:00+00:00,2024-03-15T21:00:00+00:00,2024-03-14T18:00:00-04:00,2024-03-15T17:00:00-04:00,False,False,,1380,390,1380,1380,0,0,0,0,0,0,1,MNQM4,0,,,0,pass,True,none,
2024-03-18,development,True,2024-03-17T22:00:00+00:00,2024-03-18T21:00:00+00:00,2024-03-17T18:00:00-04:00,2024-03-18T17:00:00-04:00,False,False,,1380,390,1380,1380,0,0,0,0,0,0,1,MNQM4,0,,,0,pass,True,none,
2024-03-19,development,True,2024-03-18T22:00:00+00:00,2024-03-19T21:00:00+00:00,2024-03-18T18:00:00-04:00,2024-03-19T17:00:00-04:00,False,False,,1380,390,1380,1380,0,0,0,0,0,0,1,MNQM4,0,,,0,pass,True,none,
2024-03-20,development,True,2024-03-19T22:00:00+00:00,2024-03-20T21:00:00+00:00,2024-03-19T18:00:00-04:00,2024-03-20T17:00:00-04:00,False,False,,1380,390,1380,1380,0,0,0,0,0,0,1,MNQM4,0,,,0,pass,True,none,
2024-03-21,development,True,2024-03-20T22:00:00+00:00,2024-03-21T21:00:00+00:00,2024-03-20T18:00:00-04:00,2024-03-21T17:00:00-04:00,False,False,,1380,390,1380,1380,0,0,0,0,0,0,1,MNQM4,0,,,0,pass,True,none,
2024-03-22,development,True,2024-03-21T22:00:00+00:00,2024-03-22T21:00:00+00:00,2024-03-21T18:00:00-04:00,2024-03-22T17:00:00-04:00,False,False,,1380,390,1380,1380,0,0,0,0,0,0,1,MNQM4,0,,,0,pass,True,none,
2024-03-25,development,True,2024-03-24T22:00:00+00:00,2024-03-25T21:00:00+00:00,2024-03-24T18:00:00-04:00,2024-03-25T17:00:00-04:00,False,False,,1380,390,1380,1380,0,0,0,0,0,0,1,MNQM4,0,,,0,pass,True,none,
2024-03-26,development,True,2024-03-25T22:00:00+00:00,2024-03-26T21:00:00+00:00,2024-03-25T18:00:00-04:00,2024-03-26T17:00:00-04:00,False,False,,1380,390,1380,1380,0,0,0,0,0,0,1,MNQM4,0,,,0,pass,True,none,
2024-03-27,development,True,2024-03-26T22:00:00+00:00,2024-03-27T21:00:00+00:00,2024-03-26T18:00:00-04:00,2024-03-27T17:00:00-04:00,False,False,,1380,390,1380,1380,0,0,0,0,0,0,1,MNQM4,0,,,0,pass,True,none,
2024-03-28,development,True,2024-03-27T22:00:00+00:00,2024-03-28T21:00:00+00:00,2024-03-27T18:00:00-04:00,2024-03-28T17:00:00-04:00,False,False,,1380,390,1380,1380,0,0,0,0,0,0,1,MNQM4,0,,,0,pass,True,none,
2024-03-29,development,True,2024-03-28T22:00:00+00:00,2024-03-29T13:15:00+00:00,2024-03-28T18:00:00-04:00,2024-03-29T09:15:00-04:00,True,False,,915,0,0,0,915,0,0,0,0,0,0,,0,2024-03-28T22:00:00+00:00,2024-03-29T13:14:00+00:00,915,excluded,False,critical,missing_expected_minutes
2024-04-01,development,True,2024-03-31T22:00:00+00:00,2024-04-01T21:00:00+00:00,2024-03-31T18:00:00-04:00,2024-04-01T17:00:00-04:00,False,False,,1380,390,1380,1380,0,0,0,0,0,0,1,MNQM4,0,,,0,pass,True,none,
2024-04-02,development,True,2024-04-01T22:00:00+00:00,2024-04-02T21:00:00+00:00,2024-04-01T18:00:00-04:00,2024-04-02T17:00:00-04:00,False,False,,1380,390,1380,1380,0,0,0,0,0,0,1,MNQM4,0,,,0,pass,True,none,
2024-04-03,development,True,2024-04-02T22:00:00+00:00,2024-04-03T21:00:00+00:00,2024-04-02T18:00:00-04:00,2024-04-03T17:00:00-04:00,False,False,,1380,390,1380,1380,0,0,0,0,0,0,1,MNQM4,0,,,0,pass,True,none,
2024-04-04,development,True,2024-04-03T22:00:00+00:00,2024-04-04T21:00:00+00:00,2024-04-03T18:00:00-04:00,2024-04-04T17:00:00-04:00,False,False,,1380,390,1380,1380,0,0,0,0,0,0,1,MNQM4,0,,,0,pass,True,none,
2024-04-05,development,True,2024-04-04T22:00:00+00:00,2024-04-05T21:00:00+00:00,2024-04-04T18:00:00-04:00,2024-04-05T17:00:00-04:00,False,False,,1380,390,1380,1380,0,0,0,0,0,0,1,MNQM4,0,,,0,pass,True,none,
2024-04-08,development,True,2024-04-07T22:00:00+00:00,2024-04-08T21:00:00+00:00,2024-04-07T18:00:00-04:00,2024-04-08T17:00:00-04:00,False,False,,1380,390,1380,1380,0,0,0,0,0,0,1,MNQM4,0,,,0,pass,True,none,
2024-04-09,development,True,2024-04-08T22:00:00+00:00,2024-04-09T21:00:00+00:00,2024-04-08T18:00:00-04:00,2024-04-09T17:00:00-04:00,False,False,,1380,390,1380,1380,0,0,0,0,0,0,1,MNQM4,0,,,0,pass,True,none,
2024-04-10,development,True,2024-04-09T22:00:00+00:00,2024-04-10T21:00:00+00:00,2024-04-09T18:00:00-04:00,2024-04-10T17:00:00-04:00,False,False,,1380,390,1380,1380,0,0,0,0,0,0,1,MNQM4,0,,,0,pass,True,none,
2024-04-11,development,True,2024-04-10T22:00:00+00:00,2024-04-11T21:00:00+00:00,2024-04-10T18:00:00-04:00,2024-04-11T17:00:00-04:00,False,False,,1380,390,1380,1380,0,0,0,0,0,0,1,MNQM4,0,,,0,pass,True,none,
2024-04-12,development,True,2024-04-11T22:00:00+00:00,2024-04-12T21:00:00+00:00,2024-04-11T18:00:00-04:00,2024-04-12T17:00:00-04:00,False,False,,1380,390,1380,1380,0,0,0,0,0,0,1,MNQM4,0,,,0,pass,True,none,
2024-04-15,development,True,2024-04-14T22:00:00+00:00,2024-04-15T21:00:00+00:00,2024-04-14T18:00:00-04:00,2024-04-15T17:00:00-04:00,False,False,,1380,390,1380,1380,0,0,0,0,0,0,1,MNQM4,0,,,0,pass,True,none,
2024-04-16,development,True,2024-04-15T22:00:00+00:00,2024-04-16T21:00:00+00:00,2024-04-15T18:00:00-04:00,2024-04-16T17:00:00-04:00,False,False,,1380,390,1380,1380,0,0,0,0,0,0,1,MNQM4,0,,,0,pass,True,none,
2024-04-17,development,True,2024-04-16T22:00:00+00:00,2024-04-17T21:00:00+00:00,2024-04-16T18:00:00-04:00,2024-04-17T17:00:00-04:00,False,False,,1380,390,1380,1380,0,0,0,0,0,0,1,MNQM4,0,,,0,pass,True,none,
2024-04-18,development,True,2024-04-17T22:00:00+00:00,2024-04-18T21:00:00+00:00,2024-04-17T18:00:00-04:00,2024-04-18T17:00:00-04:00,False,False,,1380,390,1380,1380,0,0,0,0,0,0,1,MNQM4,0,,,0,pass,True,none,
2024-04-19,development,True,2024-04-18T22:00:00+00:00,2024-04-19T21:00:00+00:00,2024-04-18T18:00:00-04:00,2024-04-19T17:00:00-04:00,False,False,,1380,390,1380,1380,0,0,0,0,0,0,1,MNQM4,0,,,0,pass,True,none,
2024-04-22,development,True,2024-04-21T22:00:00+00:00,2024-04-22T21:00:00+00:00,2024-04-21T18:00:00-04:00,2024-04-22T17:00:00-04:00,False,False,,1380,390,1355,1355,25,0,0,0,0,0,1,MNQM4,0,2024-04-21T22:00:00+00:00,2024-04-21T22:24:00+00:00,25,excluded,False,high,missing_expected_minutes
2024-04-23,development,True,2024-04-22T22:00:00+00:00,2024-04-23T21:00:00+00:00,2024-04-22T18:00:00-04:00,2024-04-23T17:00:00-04:00,False,False,,1380,390,1380,1380,0,0,0,0,0,0,1,MNQM4,0,,,0,pass,True,none,
2024-04-24,development,True,2024-04-23T22:00:00+00:00,2024-04-24T21:00:00+00:00,2024-04-23T18:00:00-04:00,2024-04-24T17:00:00-04:00,False,False,,1380,390,1380,1380,0,0,0,0,0,0,1,MNQM4,0,,,0,pass,True,none,
2024-04-25,development,True,2024-04-24T22:00:00+00:00,2024-04-25T21:00:00+00:00,2024-04-24T18:00:00-04:00,2024-04-25T17:00:00-04:00,False,False,,1380,390,1380,1380,0,0,0,0,0,0,1,MNQM4,0,,,0,pass,True,none,
2024-04-26,development,True,2024-04-25T22:00:00+00:00,2024-04-26T21:00:00+00:00,2024-04-25T18:00:00-04:00,2024-04-26T17:00:00-04:00,False,False,,1380,390,1380,1380,0,0,0,0,0,0,1,MNQM4,0,,,0,pass,True,none,
2024-04-29,development,True,2024-04-28T22:00:00+00:00,2024-04-29T21:00:00+00:00,2024-04-28T18:00:00-04:00,2024-04-29T17:00:00-04:00,False,False,,1380,390,1380,1380,0,0,0,0,0,0,1,MNQM4,0,,,0,pass,True,none,
2024-04-30,development,True,2024-04-29T22:00:00+00:00,2024-04-30T21:00:00+00:00,2024-04-29T18:00:00-04:00,2024-04-30T17:00:00-04:00,False,False,,1380,390,1380,1380,0,0,0,0,0,0,1,MNQM4,0,,,0,pass,True,none,
2024-05-01,development,True,2024-04-30T22:00:00+00:00,2024-05-01T21:00:00+00:00,2024-04-30T18:00:00-04:00,2024-05-01T17:00:00-04:00,False,False,,1380,390,1380,1380,0,0,0,0,0,0,1,MNQM4,0,,,0,pass,True,none,
2024-05-02,development,True,2024-05-01T22:00:00+00:00,2024-05-02T21:00:00+00:00,2024-05-01T18:00:00-04:00,2024-05-02T17:00:00-04:00,False,False,,1380,390,1380,1380,0,0,0,0,0,0,1,MNQM4,0,,,0,pass,True,none,
2024-05-03,development,True,2024-05-02T22:00:00+00:00,2024-05-03T21:00:00+00:00,2024-05-02T18:00:00-04:00,2024-05-03T17:00:00-04:00,False,False,,1380,390,1380,1380,0,0,0,0,0,0,1,MNQM4,0,,,0,pass,True,none,
2024-05-06,development,True,2024-05-05T22:00:00+00:00,2024-05-06T21:00:00+00:00,2024-05-05T18:00:00-04:00,2024-05-06T17:00:00-04:00,False,False,,1380,390,1380,1380,0,0,0,0,0,0,1,MNQM4,0,,,0,pass,True,none,
2024-05-07,development,True,2024-05-06T22:00:00+00:00,2024-05-07T21:00:00+00:00,2024-05-06T18:00:00-04:00,2024-05-07T17:00:00-04:00,False,False,,1380,390,1380,1380,0,0,0,0,0,0,1,MNQM4,0,,,0,pass,True,none,
2024-05-08,development,True,2024-05-07T22:00:00+00:00,2024-05-08T21:00:00+00:00,2024-05-07T18:00:00-04:00,2024-05-08T17:00:00-04:00,False,False,,1380,390,1380,1380,0,0,0,0,0,0,1,MNQM4,0,,,0,pass,True,none,
2024-05-09,development,True,2024-05-08T22:00:00+00:00,2024-05-09T21:00:00+00:00,2024-05-08T18:00:00-04:00,2024-05-09T17:00:00-04:00,False,False,,1380,390,1380,1380,0,0,0,0,0,0,1,MNQM4,0,,,0,pass,True,none,
2024-05-10,development,True,2024-05-09T22:00:00+00:00,2024-05-10T21:00:00+00:00,2024-05-09T18:00:00-04:00,2024-05-10T17:00:00-04:00,False,False,,1380,390,1380,1380,0,0,0,0,0,0,1,MNQM4,0,,,0,pass,True,none,
2024-05-13,development,True,2024-05-12T22:00:00+00:00,2024-05-13T21:00:00+00:00,2024-05-12T18:00:00-04:00,2024-05-13T17:00:00-04:00,False,False,,1380,390,1380,1380,0,0,0,0,0,0,1,MNQM4,0,,,0,pass,True,none,
2024-05-14,development,True,2024-05-13T22:00:00+00:00,2024-05-14T21:00:00+00:00,2024-05-13T18:00:00-04:00,2024-05-14T17:00:00-04:00,False,False,,1380,390,1380,1380,0,0,0,0,0,0,1,MNQM4,0,,,0,pass,True,none,
2024-05-15,development,True,2024-05-14T22:00:00+00:00,2024-05-15T21:00:00+00:00,2024-05-14T18:00:00-04:00,2024-05-15T17:00:00-04:00,False,False,,1380,390,1380,1380,0,0,0,0,0,0,1,MNQM4,0,,,0,pass,True,none,
2024-05-16,development,True,2024-05-15T22:00:00+00:00,2024-05-16T21:00:00+00:00,2024-05-15T18:00:00-04:00,2024-05-16T17:00:00-04:00,False,False,,1380,390,1380,1380,0,0,0,0,0,0,1,MNQM4,0,,,0,pass,True,none,
2024-05-17,development,True,2024-05-16T22:00:00+00:00,2024-05-17T21:00:00+00:00,2024-05-16T18:00:00-04:00,2024-05-17T17:00:00-04:00,False,False,,1380,390,1380,1380,0,0,0,0,0,0,1,MNQM4,0,,,0,pass,True,none,
2024-05-20,development,True,2024-05-19T22:00:00+00:00,2024-05-20T21:00:00+00:00,2024-05-19T18:00:00-04:00,2024-05-20T17:00:00-04:00,False,False,,1380,390,1380,1380,0,0,0,0,0,0,1,MNQM4,0,,,0,pass,True,none,
2024-05-21,development,True,2024-05-20T22:00:00+00:00,2024-05-21T21:00:00+00:00,2024-05-20T18:00:00-04:00,2024-05-21T17:00:00-04:00,False,False,,1380,390,1380,1380,0,0,0,0,0,0,1,MNQM4,0,,,0,pass,True,none,
2024-05-22,development,True,2024-05-21T22:00:00+00:00,2024-05-22T21:00:00+00:00,2024-05-21T18:00:00-04:00,2024-05-22T17:00:00-04:00,False,False,,1380,390,1380,1380,0,0,0,0,0,0,1,MNQM4,0,,,0,pass,True,none,
2024-05-23,development,True,2024-05-22T22:00:00+00:00,2024-05-23T21:00:00+00:00,2024-05-22T18:00:00-04:00,2024-05-23T17:00:00-04:00,False,False,,1380,390,1380,1380,0,0,0,0,0,0,1,MNQM4,0,,,0,pass,True,none,
2024-05-24,development,True,2024-05-23T22:00:00+00:00,2024-05-24T21:00:00+00:00,2024-05-23T18:00:00-04:00,2024-05-24T17:00:00-04:00,False,False,,1380,390,1380,1380,0,0,0,0,0,0,1,MNQM4,0,,,0,pass,True,none,
2024-05-27,development,True,2024-05-26T22:00:00+00:00,2024-05-27T17:00:00+00:00,2024-05-26T18:00:00-04:00,2024-05-27T13:00:00-04:00,True,False,,1140,210,1140,1140,0,0,0,0,0,0,1,MNQM4,0,,,0,pass,True,none,
2024-05-28,development,True,2024-05-27T22:00:00+00:00,2024-05-28T21:00:00+00:00,2024-05-27T18:00:00-04:00,2024-05-28T17:00:00-04:00,False,False,,1380,390,1380,1380,0,0,0,0,0,0,1,MNQM4,0,,,0,pass,True,none,
2024-05-29,development,True,2024-05-28T22:00:00+00:00,2024-05-29T21:00:00+00:00,2024-05-28T18:00:00-04:00,2024-05-29T17:00:00-04:00,False,False,,1380,390,1380,1380,0,0,0,0,0,0,1,MNQM4,0,,,0,pass,True,none,
2024-05-30,development,True,2024-05-29T22:00:00+00:00,2024-05-30T21:00:00+00:00,2024-05-29T18:00:00-04:00,2024-05-30T17:00:00-04:00,False,False,,1380,390,1380,1380,0,0,0,0,0,0,1,MNQM4,0,,,0,pass,True,none,
2024-05-31,development,True,2024-05-30T22:00:00+00:00,2024-05-31T21:00:00+00:00,2024-05-30T18:00:00-04:00,2024-05-31T17:00:00-04:00,False,False,,1380,390,1380,1380,0,0,0,0,0,0,1,MNQM4,0,,,0,pass,True,none,
2024-06-03,development,True,2024-06-02T22:00:00+00:00,2024-06-03T21:00:00+00:00,2024-06-02T18:00:00-04:00,2024-06-03T17:00:00-04:00,False,False,,1380,390,1380,1380,0,0,0,0,0,0,1,MNQM4,0,,,0,pass,True,none,
2024-06-04,development,True,2024-06-03T22:00:00+00:00,2024-06-04T21:00:00+00:00,2024-06-03T18:00:00-04:00,2024-06-04T17:00:00-04:00,False,False,,1380,390,1380,1380,0,0,0,0,0,0,1,MNQM4,0,,,0,pass,True,none,
2024-06-05,development,True,2024-06-04T22:00:00+00:00,2024-06-05T21:00:00+00:00,2024-06-04T18:00:00-04:00,2024-06-05T17:00:00-04:00,False,False,,1380,390,1380,1380,0,0,0,0,0,0,1,MNQM4,0,,,0,pass,True,none,
2024-06-06,development,True,2024-06-05T22:00:00+00:00,2024-06-06T21:00:00+00:00,2024-06-05T18:00:00-04:00,2024-06-06T17:00:00-04:00,False,False,,1380,390,1380,1380,0,0,0,0,0,0,1,MNQM4,0,,,0,pass,True,none,
2024-06-07,development,True,2024-06-06T22:00:00+00:00,2024-06-07T21:00:00+00:00,2024-06-06T18:00:00-04:00,2024-06-07T17:00:00-04:00,False,False,,1380,390,1380,1380,0,0,0,0,0,0,1,MNQM4,0,,,0,pass,True,none,
2024-06-10,development,True,2024-06-09T22:00:00+00:00,2024-06-10T21:00:00+00:00,2024-06-09T18:00:00-04:00,2024-06-10T17:00:00-04:00,False,False,,1380,390,1380,1380,0,0,0,0,0,0,1,MNQM4,0,,,0,pass,True,none,
2024-06-11,development,True,2024-06-10T22:00:00+00:00,2024-06-11T21:00:00+00:00,2024-06-10T18:00:00-04:00,2024-06-11T17:00:00-04:00,False,False,,1380,390,1380,1380,0,0,0,0,0,0,1,MNQM4,0,,,0,pass,True,none,
2024-06-12,development,True,2024-06-11T22:00:00+00:00,2024-06-12T21:00:00+00:00,2024-06-11T18:00:00-04:00,2024-06-12T17:00:00-04:00,False,False,,1380,390,1380,1380,0,0,0,0,0,0,1,MNQM4,0,,,0,pass,True,none,
2024-06-13,development,True,2024-06-12T22:00:00+00:00,2024-06-13T21:00:00+00:00,2024-06-12T18:00:00-04:00,2024-06-13T17:00:00-04:00,False,False,,1380,390,1380,1380,0,0,0,0,0,0,1,MNQM4,0,,,0,pass,True,none,
2024-06-14,development,True,2024-06-13T22:00:00+00:00,2024-06-14T21:00:00+00:00,2024-06-13T18:00:00-04:00,2024-06-14T17:00:00-04:00,False,False,,1380,390,1380,1380,0,0,0,0,0,0,1,MNQM4,0,,,0,pass,True,none,
2024-06-17,development,True,2024-06-16T22:00:00+00:00,2024-06-17T21:00:00+00:00,2024-06-16T18:00:00-04:00,2024-06-17T17:00:00-04:00,False,False,,1380,390,1380,1380,0,0,0,0,0,0,1,MNQM4,0,,,0,pass,True,none,
2024-06-18,development,True,2024-06-17T22:00:00+00:00,2024-06-18T21:00:00+00:00,2024-06-17T18:00:00-04:00,2024-06-18T17:00:00-04:00,False,False,,1380,390,1380,1380,0,0,0,0,0,0,1,MNQM4,0,,,0,pass,True,none,
2024-06-19,development,True,2024-06-18T22:00:00+00:00,2024-06-19T17:00:00+00:00,2024-06-18T18:00:00-04:00,2024-06-19T13:00:00-04:00,True,False,,1140,210,1136,1136,4,0,0,0,0,0,2,MNQM4|MNQU4,1,2024-06-19T03:19:00+00:00,2024-06-19T03:59:00+00:00,1,excluded,False,high,missing_expected_minutes|multiple_contracts_within_session|roll_boundary_session
2024-06-20,development,True,2024-06-19T22:00:00+00:00,2024-06-20T21:00:00+00:00,2024-06-19T18:00:00-04:00,2024-06-20T17:00:00-04:00,False,False,,1380,390,1380,1380,0,0,0,0,0,0,1,MNQU4,0,,,0,pass,True,none,
2024-06-21,development,True,2024-06-20T22:00:00+00:00,2024-06-21T21:00:00+00:00,2024-06-20T18:00:00-04:00,2024-06-21T17:00:00-04:00,False,False,,1380,390,1380,1380,0,0,0,0,0,0,1,MNQU4,0,,,0,pass,True,none,
2024-06-24,development,True,2024-06-23T22:00:00+00:00,2024-06-24T21:00:00+00:00,2024-06-23T18:00:00-04:00,2024-06-24T17:00:00-04:00,False,False,,1380,390,1380,1380,0,0,0,0,0,0,1,MNQU4,0,,,0,pass,True,none,
2024-06-25,development,True,2024-06-24T22:00:00+00:00,2024-06-25T21:00:00+00:00,2024-06-24T18:00:00-04:00,2024-06-25T17:00:00-04:00,False,False,,1380,390,1380,1380,0,0,0,0,0,0,1,MNQU4,0,,,0,pass,True,none,
2024-06-26,development,True,2024-06-25T22:00:00+00:00,2024-06-26T21:00:00+00:00,2024-06-25T18:00:00-04:00,2024-06-26T17:00:00-04:00,False,False,,1380,390,1380,1380,0,0,0,0,0,0,1,MNQU4,0,,,0,pass,True,none,
2024-06-27,development,True,2024-06-26T22:00:00+00:00,2024-06-27T21:00:00+00:00,2024-06-26T18:00:00-04:00,2024-06-27T17:00:00-04:00,False,False,,1380,390,1380,1380,0,0,0,0,0,0,1,MNQU4,0,,,0,pass,True,none,
2024-06-28,development,True,2024-06-27T22:00:00+00:00,2024-06-28T21:00:00+00:00,2024-06-27T18:00:00-04:00,2024-06-28T17:00:00-04:00,False,False,,1380,390,1380,1380,0,0,0,0,0,0,1,MNQU4,0,,,0,pass,True,none,
2024-07-01,development,True,2024-06-30T22:00:00+00:00,2024-07-01T21:00:00+00:00,2024-06-30T18:00:00-04:00,2024-07-01T17:00:00-04:00,False,False,,1380,390,1379,1379,1,0,0,0,0,0,1,MNQU4,0,2024-07-01T13:10:00+00:00,2024-07-01T13:10:00+00:00,1,excluded,False,high,missing_expected_minutes
2024-07-02,development,True,2024-07-01T22:00:00+00:00,2024-07-02T21:00:00+00:00,2024-07-01T18:00:00-04:00,2024-07-02T17:00:00-04:00,False,False,,1380,390,1380,1380,0,0,0,0,0,0,1,MNQU4,0,,,0,pass,True,none,
2024-07-03,development,True,2024-07-02T22:00:00+00:00,2024-07-03T17:15:00+00:00,2024-07-02T18:00:00-04:00,2024-07-03T13:15:00-04:00,True,False,,1155,225,1155,1155,0,0,0,0,0,0,1,MNQU4,0,,,0,pass,True,none,
2024-07-04,development,True,2024-07-03T22:00:00+00:00,2024-07-04T17:00:00+00:00,2024-07-03T18:00:00-04:00,2024-07-04T13:00:00-04:00,True,False,,1140,210,1140,1140,0,0,0,0,0,0,1,MNQU4,0,,,0,pass,True,none,
2024-07-05,development,True,2024-07-04T22:00:00+00:00,2024-07-05T21:00:00+00:00,2024-07-04T18:00:00-04:00,2024-07-05T17:00:00-04:00,False,False,,1380,390,1380,1380,0,0,0,0,0,0,1,MNQU4,0,,,0,pass,True,none,
2024-07-08,development,True,2024-07-07T22:00:00+00:00,2024-07-08T21:00:00+00:00,2024-07-07T18:00:00-04:00,2024-07-08T17:00:00-04:00,False,False,,1380,390,1380,1380,0,0,0,0,0,0,1,MNQU4,0,,,0,pass,True,none,
2024-07-09,development,True,2024-07-08T22:00:00+00:00,2024-07-09T21:00:00+00:00,2024-07-08T18:00:00-04:00,2024-07-09T17:00:00-04:00,False,False,,1380,390,1380,1380,0,0,0,0,0,0,1,MNQU4,0,,,0,pass,True,none,
2024-07-10,development,True,2024-07-09T22:00:00+00:00,2024-07-10T21:00:00+00:00,2024-07-09T18:00:00-04:00,2024-07-10T17:00:00-04:00,False,False,,1380,390,1380,1380,0,0,0,0,0,0,1,MNQU4,0,,,0,pass,True,none,
2024-07-11,development,True,2024-07-10T22:00:00+00:00,2024-07-11T21:00:00+00:00,2024-07-10T18:00:00-04:00,2024-07-11T17:00:00-04:00,False,False,,1380,390,1380,1380,0,0,0,0,0,0,1,MNQU4,0,,,0,pass,True,none,
2024-07-12,development,True,2024-07-11T22:00:00+00:00,2024-07-12T21:00:00+00:00,2024-07-11T18:00:00-04:00,2024-07-12T17:00:00-04:00,False,False,,1380,390,1380,1380,0,0,0,0,0,0,1,MNQU4,0,,,0,pass,True,none,
2024-07-15,development,True,2024-07-14T22:00:00+00:00,2024-07-15T21:00:00+00:00,2024-07-14T18:00:00-04:00,2024-07-15T17:00:00-04:00,False,False,,1380,390,1377,1377,3,3,0,0,0,0,1,MNQU4,0,2024-07-15T13:55:00+00:00,2024-07-15T17:20:00+00:00,1,excluded,False,high,missing_expected_minutes
2024-07-16,development,True,2024-07-15T22:00:00+00:00,2024-07-16T21:00:00+00:00,2024-07-15T18:00:00-04:00,2024-07-16T17:00:00-04:00,False,False,,1380,390,1379,1379,1,0,0,0,0,0,1,MNQU4,0,2024-07-16T12:47:00+00:00,2024-07-16T12:47:00+00:00,1,excluded,False,high,missing_expected_minutes
2024-07-17,development,True,2024-07-16T22:00:00+00:00,2024-07-17T21:00:00+00:00,2024-07-16T18:00:00-04:00,2024-07-17T17:00:00-04:00,False,False,,1380,390,1380,1380,0,0,0,0,0,0,1,MNQU4,0,,,0,pass,True,none,
2024-07-18,development,True,2024-07-17T22:00:00+00:00,2024-07-18T21:00:00+00:00,2024-07-17T18:00:00-04:00,2024-07-18T17:00:00-04:00,False,False,,1380,390,1379,1379,1,1,0,0,0,0,1,MNQU4,0,2024-07-18T16:34:00+00:00,2024-07-18T16:34:00+00:00,1,excluded,False,high,missing_expected_minutes
2024-07-19,development,True,2024-07-18T22:00:00+00:00,2024-07-19T21:00:00+00:00,2024-07-18T18:00:00-04:00,2024-07-19T17:00:00-04:00,False,False,,1380,390,1380,1380,0,0,0,0,0,0,1,MNQU4,0,,,0,pass,True,none,
2024-07-22,development,True,2024-07-21T22:00:00+00:00,2024-07-22T21:00:00+00:00,2024-07-21T18:00:00-04:00,2024-07-22T17:00:00-04:00,False,False,,1380,390,1380,1380,0,0,0,0,0,0,1,MNQU4,0,,,0,pass,True,none,
2024-07-23,development,True,2024-07-22T22:00:00+00:00,2024-07-23T21:00:00+00:00,2024-07-22T18:00:00-04:00,2024-07-23T17:00:00-04:00,False,False,,1380,390,1380,1380,0,0,0,0,0,0,1,MNQU4,0,,,0,pass,True,none,
2024-07-24,development,True,2024-07-23T22:00:00+00:00,2024-07-24T21:00:00+00:00,2024-07-23T18:00:00-04:00,2024-07-24T17:00:00-04:00,False,False,,1380,390,1380,1380,0,0,0,0,0,0,1,MNQU4,0,,,0,pass,True,none,
2024-07-25,development,True,2024-07-24T22:00:00+00:00,2024-07-25T21:00:00+00:00,2024-07-24T18:00:00-04:00,2024-07-25T17:00:00-04:00,False,False,,1380,390,1380,1380,0,0,0,0,0,0,1,MNQU4,0,,,0,pass,True,none,
2024-07-26,development,True,2024-07-25T22:00:00+00:00,2024-07-26T21:00:00+00:00,2024-07-25T18:00:00-04:00,2024-07-26T17:00:00-04:00,False,False,,1380,390,1380,1380,0,0,0,0,0,0,1,MNQU4,0,,,0,pass,True,none,
2024-07-29,validation,True,2024-07-28T22:00:00+00:00,2024-07-29T21:00:00+00:00,2024-07-28T18:00:00-04:00,2024-07-29T17:00:00-04:00,False,False,,1380,390,1380,1380,0,0,0,0,0,0,1,MNQU4,0,,,0,pass,True,none,
2024-07-30,validation,True,2024-07-29T22:00:00+00:00,2024-07-30T21:00:00+00:00,2024-07-29T18:00:00-04:00,2024-07-30T17:00:00-04:00,False,False,,1380,390,1380,1380,0,0,0,0,0,0,1,MNQU4,0,,,0,pass,True,none,
2024-07-31,validation,True,2024-07-30T22:00:00+00:00,2024-07-31T21:00:00+00:00,2024-07-30T18:00:00-04:00,2024-07-31T17:00:00-04:00,False,False,,1380,390,1380,1380,0,0,0,0,0,0,1,MNQU4,0,,,0,pass,True,none,
2024-08-01,validation,True,2024-07-31T22:00:00+00:00,2024-08-01T21:00:00+00:00,2024-07-31T18:00:00-04:00,2024-08-01T17:00:00-04:00,False,False,,1380,390,1380,1380,0,0,0,0,0,0,1,MNQU4,0,,,0,pass,True,none,
2024-08-02,validation,True,2024-08-01T22:00:00+00:00,2024-08-02T21:00:00+00:00,2024-08-01T18:00:00-04:00,2024-08-02T17:00:00-04:00,False,False,,1380,390,1380,1380,0,0,0,0,0,0,1,MNQU4,0,,,0,pass,True,none,
2024-08-05,validation,True,2024-08-04T22:00:00+00:00,2024-08-05T21:00:00+00:00,2024-08-04T18:00:00-04:00,2024-08-05T17:00:00-04:00,False,False,,1380,390,1380,1380,0,0,0,0,0,0,1,MNQU4,0,,,0,pass,True,none,
2024-08-06,validation,True,2024-08-05T22:00:00+00:00,2024-08-06T21:00:00+00:00,2024-08-05T18:00:00-04:00,2024-08-06T17:00:00-04:00,False,False,,1380,390,1380,1380,0,0,0,0,0,0,1,MNQU4,0,,,0,pass,True,none,
2024-08-07,validation,True,2024-08-06T22:00:00+00:00,2024-08-07T21:00:00+00:00,2024-08-06T18:00:00-04:00,2024-08-07T17:00:00-04:00,False,False,,1380,390,1380,1380,0,0,0,0,0,0,1,MNQU4,0,,,0,pass,True,none,
2024-08-08,validation,True,2024-08-07T22:00:00+00:00,2024-08-08T21:00:00+00:00,2024-08-07T18:00:00-04:00,2024-08-08T17:00:00-04:00,False,False,,1380,390,1380,1380,0,0,0,0,0,0,1,MNQU4,0,,,0,pass,True,none,
2024-08-09,validation,True,2024-08-08T22:00:00+00:00,2024-08-09T21:00:00+00:00,2024-08-08T18:00:00-04:00,2024-08-09T17:00:00-04:00,False,False,,1380,390,1380,1380,0,0,0,0,0,0,1,MNQU4,0,,,0,pass,True,none,
2024-08-12,validation,True,2024-08-11T22:00:00+00:00,2024-08-12T21:00:00+00:00,2024-08-11T18:00:00-04:00,2024-08-12T17:00:00-04:00,False,False,,1380,390,1380,1380,0,0,0,0,0,0,1,MNQU4,0,,,0,pass,True,none,
2024-08-13,validation,True,2024-08-12T22:00:00+00:00,2024-08-13T21:00:00+00:00,2024-08-12T18:00:00-04:00,2024-08-13T17:00:00-04:00,False,False,,1380,390,1380,1380,0,0,0,0,0,0,1,MNQU4,0,,,0,pass,True,none,
2024-08-14,validation,True,2024-08-13T22:00:00+00:00,2024-08-14T21:00:00+00:00,2024-08-13T18:00:00-04:00,2024-08-14T17:00:00-04:00,False,False,,1380,390,1380,1380,0,0,0,0,0,0,1,MNQU4,0,,,0,pass,True,none,
2024-08-15,validation,True,2024-08-14T22:00:00+00:00,2024-08-15T21:00:00+00:00,2024-08-14T18:00:00-04:00,2024-08-15T17:00:00-04:00,False,False,,1380,390,1380,1380,0,0,0,0,0,0,1,MNQU4,0,,,0,pass,True,none,
2024-08-16,validation,True,2024-08-15T22:00:00+00:00,2024-08-16T21:00:00+00:00,2024-08-15T18:00:00-04:00,2024-08-16T17:00:00-04:00,False,False,,1380,390,1380,1380,0,0,0,0,0,0,1,MNQU4,0,,,0,pass,True,none,
2024-08-19,validation,True,2024-08-18T22:00:00+00:00,2024-08-19T21:00:00+00:00,2024-08-18T18:00:00-04:00,2024-08-19T17:00:00-04:00,False,False,,1380,390,1380,1380,0,0,0,0,0,0,1,MNQU4,0,,,0,pass,True,none,
2024-08-20,validation,True,2024-08-19T22:00:00+00:00,2024-08-20T21:00:00+00:00,2024-08-19T18:00:00-04:00,2024-08-20T17:00:00-04:00,False,False,,1380,390,1380,1380,0,0,0,0,0,0,1,MNQU4,0,,,0,pass,True,none,
2024-08-21,validation,True,2024-08-20T22:00:00+00:00,2024-08-21T21:00:00+00:00,2024-08-20T18:00:00-04:00,2024-08-21T17:00:00-04:00,False,False,,1380,390,1380,1380,0,0,0,0,0,0,1,MNQU4,0,,,0,pass,True,none,
2024-08-22,validation,True,2024-08-21T22:00:00+00:00,2024-08-22T21:00:00+00:00,2024-08-21T18:00:00-04:00,2024-08-22T17:00:00-04:00,False,False,,1380,390,1380,1380,0,0,0,0,0,0,1,MNQU4,0,,,0,pass,True,none,
2024-08-23,validation,True,2024-08-22T22:00:00+00:00,2024-08-23T21:00:00+00:00,2024-08-22T18:00:00-04:00,2024-08-23T17:00:00-04:00,False,False,,1380,390,1380,1380,0,0,0,0,0,0,1,MNQU4,0,,,0,pass,True,none,
2024-08-26,validation,True,2024-08-25T22:00:00+00:00,2024-08-26T21:00:00+00:00,2024-08-25T18:00:00-04:00,2024-08-26T17:00:00-04:00,False,False,,1380,390,1380,1380,0,0,0,0,0,0,1,MNQU4,0,,,0,pass,True,none,
2024-08-27,validation,True,2024-08-26T22:00:00+00:00,2024-08-27T21:00:00+00:00,2024-08-26T18:00:00-04:00,2024-08-27T17:00:00-04:00,False,False,,1380,390,1380,1380,0,0,0,0,0,0,1,MNQU4,0,,,0,pass,True,none,
2024-08-28,validation,True,2024-08-27T22:00:00+00:00,2024-08-28T21:00:00+00:00,2024-08-27T18:00:00-04:00,2024-08-28T17:00:00-04:00,False,False,,1380,390,1380,1380,0,0,0,0,0,0,1,MNQU4,0,,,0,pass,True,none,
2024-08-29,validation,True,2024-08-28T22:00:00+00:00,2024-08-29T21:00:00+00:00,2024-08-28T18:00:00-04:00,2024-08-29T17:00:00-04:00,False,False,,1380,390,1380,1380,0,0,0,0,0,0,1,MNQU4,0,,,0,pass,True,none,
2024-08-30,validation,True,2024-08-29T22:00:00+00:00,2024-08-30T21:00:00+00:00,2024-08-29T18:00:00-04:00,2024-08-30T17:00:00-04:00,False,False,,1380,390,1380,1380,0,0,0,0,0,0,1,MNQU4,0,,,0,pass,True,none,
2024-09-02,validation,True,2024-09-01T22:00:00+00:00,2024-09-02T17:00:00+00:00,2024-09-01T18:00:00-04:00,2024-09-02T13:00:00-04:00,True,False,,1140,210,1140,1140,0,0,0,0,0,0,1,MNQU4,0,,,0,pass,True,none,
2024-09-03,validation,True,2024-09-02T22:00:00+00:00,2024-09-03T21:00:00+00:00,2024-09-02T18:00:00-04:00,2024-09-03T17:00:00-04:00,False,False,,1380,390,1380,1380,0,0,0,0,0,0,1,MNQU4,0,,,0,pass,True,none,
2024-09-04,validation,True,2024-09-03T22:00:00+00:00,2024-09-04T21:00:00+00:00,2024-09-03T18:00:00-04:00,2024-09-04T17:00:00-04:00,False,False,,1380,390,1380,1380,0,0,0,0,0,0,1,MNQU4,0,,,0,pass,True,none,
2024-09-05,validation,True,2024-09-04T22:00:00+00:00,2024-09-05T21:00:00+00:00,2024-09-04T18:00:00-04:00,2024-09-05T17:00:00-04:00,False,False,,1380,390,1380,1380,0,0,0,0,0,0,1,MNQU4,0,,,0,pass,True,none,
2024-09-06,validation,True,2024-09-05T22:00:00+00:00,2024-09-06T21:00:00+00:00,2024-09-05T18:00:00-04:00,2024-09-06T17:00:00-04:00,False,False,,1380,390,1380,1380,0,0,0,0,0,0,1,MNQU4,0,,,0,pass,True,none,
2024-09-09,validation,True,2024-09-08T22:00:00+00:00,2024-09-09T21:00:00+00:00,2024-09-08T18:00:00-04:00,2024-09-09T17:00:00-04:00,False,False,,1380,390,1380,1380,0,0,0,0,0,0,1,MNQU4,0,,,0,pass,True,none,
2024-09-10,validation,True,2024-09-09T22:00:00+00:00,2024-09-10T21:00:00+00:00,2024-09-09T18:00:00-04:00,2024-09-10T17:00:00-04:00,False,False,,1380,390,1380,1380,0,0,0,0,0,0,1,MNQU4,0,,,0,pass,True,none,
2024-09-11,validation,True,2024-09-10T22:00:00+00:00,2024-09-11T21:00:00+00:00,2024-09-10T18:00:00-04:00,2024-09-11T17:00:00-04:00,False,False,,1380,390,1380,1380,0,0,0,0,0,0,1,MNQU4,0,,,0,pass,True,none,
2024-09-12,validation,True,2024-09-11T22:00:00+00:00,2024-09-12T21:00:00+00:00,2024-09-11T18:00:00-04:00,2024-09-12T17:00:00-04:00,False,False,,1380,390,1380,1380,0,0,0,0,0,0,1,MNQU4,0,,,0,pass,True,none,
2024-09-13,validation,True,2024-09-12T22:00:00+00:00,2024-09-13T21:00:00+00:00,2024-09-12T18:00:00-04:00,2024-09-13T17:00:00-04:00,False,False,,1380,390,1380,1380,0,0,0,0,0,0,1,MNQU4,0,,,0,pass,True,none,
2024-09-16,validation,True,2024-09-15T22:00:00+00:00,2024-09-16T21:00:00+00:00,2024-09-15T18:00:00-04:00,2024-09-16T17:00:00-04:00,False,False,,1380,390,1380,1380,0,0,0,0,0,0,1,MNQU4,0,,,0,pass,True,none,
2024-09-17,validation,True,2024-09-16T22:00:00+00:00,2024-09-17T21:00:00+00:00,2024-09-16T18:00:00-04:00,2024-09-17T17:00:00-04:00,False,False,,1380,390,1380,1380,0,0,0,0,0,0,1,MNQU4,0,,,0,pass,True,none,
2024-09-18,validation,True,2024-09-17T22:00:00+00:00,2024-09-18T21:00:00+00:00,2024-09-17T18:00:00-04:00,2024-09-18T17:00:00-04:00,False,False,,1380,390,1380,1380,0,0,0,0,0,0,2,MNQU4|MNQZ4,1,,,0,excluded,False,high,multiple_contracts_within_session|roll_boundary_session
2024-09-19,validation,True,2024-09-18T22:00:00+00:00,2024-09-19T21:00:00+00:00,2024-09-18T18:00:00-04:00,2024-09-19T17:00:00-04:00,False,False,,1380,390,1380,1380,0,0,0,0,0,0,1,MNQZ4,0,,,0,pass,True,none,
2024-09-20,validation,True,2024-09-19T22:00:00+00:00,2024-09-20T21:00:00+00:00,2024-09-19T18:00:00-04:00,2024-09-20T17:00:00-04:00,False,False,,1380,390,1380,1380,0,0,0,0,0,0,1,MNQZ4,0,,,0,pass,True,none,
2024-09-23,validation,True,2024-09-22T22:00:00+00:00,2024-09-23T21:00:00+00:00,2024-09-22T18:00:00-04:00,2024-09-23T17:00:00-04:00,False,False,,1380,390,1380,1380,0,0,0,0,0,0,1,MNQZ4,0,,,0,pass,True,none,
2024-09-24,validation,True,2024-09-23T22:00:00+00:00,2024-09-24T21:00:00+00:00,2024-09-23T18:00:00-04:00,2024-09-24T17:00:00-04:00,False,False,,1380,390,1380,1380,0,0,0,0,0,0,1,MNQZ4,0,,,0,pass,True,none,
2024-09-25,validation,True,2024-09-24T22:00:00+00:00,2024-09-25T21:00:00+00:00,2024-09-24T18:00:00-04:00,2024-09-25T17:00:00-04:00,False,False,,1380,390,1380,1380,0,0,0,0,0,0,1,MNQZ4,0,,,0,pass,True,none,
2024-09-26,validation,True,2024-09-25T22:00:00+00:00,2024-09-26T21:00:00+00:00,2024-09-25T18:00:00-04:00,2024-09-26T17:00:00-04:00,False,False,,1380,390,1380,1380,0,0,0,0,0,0,1,MNQZ4,0,,,0,pass,True,none,
2024-09-27,validation,True,2024-09-26T22:00:00+00:00,2024-09-27T21:00:00+00:00,2024-09-26T18:00:00-04:00,2024-09-27T17:00:00-04:00,False,False,,1380,390,1380,1380,0,0,0,0,0,0,1,MNQZ4,0,,,0,pass,True,none,
2024-09-30,validation,True,2024-09-29T22:00:00+00:00,2024-09-30T21:00:00+00:00,2024-09-29T18:00:00-04:00,2024-09-30T17:00:00-04:00,False,False,,1380,390,1380,1380,0,0,0,0,0,0,1,MNQZ4,0,,,0,pass,True,none,
2024-10-01,validation,True,2024-09-30T22:00:00+00:00,2024-10-01T21:00:00+00:00,2024-09-30T18:00:00-04:00,2024-10-01T17:00:00-04:00,False,False,,1380,390,1380,1380,0,0,0,0,0,0,1,MNQZ4,0,,,0,pass,True,none,
2024-10-02,validation,True,2024-10-01T22:00:00+00:00,2024-10-02T21:00:00+00:00,2024-10-01T18:00:00-04:00,2024-10-02T17:00:00-04:00,False,False,,1380,390,1380,1380,0,0,0,0,0,0,1,MNQZ4,0,,,0,pass,True,none,
2024-10-03,validation,True,2024-10-02T22:00:00+00:00,2024-10-03T21:00:00+00:00,2024-10-02T18:00:00-04:00,2024-10-03T17:00:00-04:00,False,False,,1380,390,1380,1380,0,0,0,0,0,0,1,MNQZ4,0,,,0,pass,True,none,
2024-10-04,validation,True,2024-10-03T22:00:00+00:00,2024-10-04T21:00:00+00:00,2024-10-03T18:00:00-04:00,2024-10-04T17:00:00-04:00,False,False,,1380,390,1380,1380,0,0,0,0,0,0,1,MNQZ4,0,,,0,pass,True,none,
2024-10-07,validation,True,2024-10-06T22:00:00+00:00,2024-10-07T21:00:00+00:00,2024-10-06T18:00:00-04:00,2024-10-07T17:00:00-04:00,False,False,,1380,390,1380,1380,0,0,0,0,0,0,1,MNQZ4,0,,,0,pass,True,none,
2024-10-08,validation,True,2024-10-07T22:00:00+00:00,2024-10-08T21:00:00+00:00,2024-10-07T18:00:00-04:00,2024-10-08T17:00:00-04:00,False,False,,1380,390,1380,1380,0,0,0,0,0,0,1,MNQZ4,0,,,0,pass,True,none,
2024-10-09,validation,True,2024-10-08T22:00:00+00:00,2024-10-09T21:00:00+00:00,2024-10-08T18:00:00-04:00,2024-10-09T17:00:00-04:00,False,False,,1380,390,1380,1380,0,0,0,0,0,0,1,MNQZ4,0,,,0,pass,True,none,
2024-10-10,validation,True,2024-10-09T22:00:00+00:00,2024-10-10T21:00:00+00:00,2024-10-09T18:00:00-04:00,2024-10-10T17:00:00-04:00,False,False,,1380,390,1380,1380,0,0,0,0,0,0,1,MNQZ4,0,,,0,pass,True,none,
2024-10-11,validation,True,2024-10-10T22:00:00+00:00,2024-10-11T21:00:00+00:00,2024-10-10T18:00:00-04:00,2024-10-11T17:00:00-04:00,False,False,,1380,390,1380,1380,0,0,0,0,0,0,1,MNQZ4,0,,,0,pass,True,none,
2024-10-14,validation,True,2024-10-13T22:00:00+00:00,2024-10-14T21:00:00+00:00,2024-10-13T18:00:00-04:00,2024-10-14T17:00:00-04:00,False,False,,1380,390,1380,1380,0,0,0,0,0,0,1,MNQZ4,0,,,0,pass,True,none,
2024-10-15,validation,True,2024-10-14T22:00:00+00:00,2024-10-15T21:00:00+00:00,2024-10-14T18:00:00-04:00,2024-10-15T17:00:00-04:00,False,False,,1380,390,1380,1380,0,0,0,0,0,0,1,MNQZ4,0,,,0,pass,True,none,
2024-10-16,validation,True,2024-10-15T22:00:00+00:00,2024-10-16T21:00:00+00:00,2024-10-15T18:00:00-04:00,2024-10-16T17:00:00-04:00,False,False,,1380,390,1380,1380,0,0,0,0,0,0,1,MNQZ4,0,,,0,pass,True,none,
2024-10-17,validation,True,2024-10-16T22:00:00+00:00,2024-10-17T21:00:00+00:00,2024-10-16T18:00:00-04:00,2024-10-17T17:00:00-04:00,False,False,,1380,390,1380,1380,0,0,0,0,0,0,1,MNQZ4,0,,,0,pass,True,none,
2024-10-18,validation,True,2024-10-17T22:00:00+00:00,2024-10-18T21:00:00+00:00,2024-10-17T18:00:00-04:00,2024-10-18T17:00:00-04:00,False,False,,1380,390,1380,1380,0,0,0,0,0,0,1,MNQZ4,0,,,0,pass,True,none,
2024-10-21,validation,True,2024-10-20T22:00:00+00:00,2024-10-21T21:00:00+00:00,2024-10-20T18:00:00-04:00,2024-10-21T17:00:00-04:00,False,False,,1380,390,1380,1380,0,0,0,0,0,0,1,MNQZ4,0,,,0,pass,True,none,
2024-10-22,validation,True,2024-10-21T22:00:00+00:00,2024-10-22T21:00:00+00:00,2024-10-21T18:00:00-04:00,2024-10-22T17:00:00-04:00,False,False,,1380,390,1380,1380,0,0,0,0,0,0,1,MNQZ4,0,,,0,pass,True,none,
2024-10-23,validation,True,2024-10-22T22:00:00+00:00,2024-10-23T21:00:00+00:00,2024-10-22T18:00:00-04:00,2024-10-23T17:00:00-04:00,False,False,,1380,390,1380,1380,0,0,0,0,0,0,1,MNQZ4,0,,,0,pass,True,none,
2024-10-24,validation,True,2024-10-23T22:00:00+00:00,2024-10-24T21:00:00+00:00,2024-10-23T18:00:00-04:00,2024-10-24T17:00:00-04:00,False,False,,1380,390,1380,1380,0,0,0,0,0,0,1,MNQZ4,0,,,0,pass,True,none,
2024-10-25,validation,True,2024-10-24T22:00:00+00:00,2024-10-25T21:00:00+00:00,2024-10-24T18:00:00-04:00,2024-10-25T17:00:00-04:00,False,False,,1380,390,1380,1380,0,0,0,0,0,0,1,MNQZ4,0,,,0,pass,True,none,
2024-10-28,validation,True,2024-10-27T22:00:00+00:00,2024-10-28T21:00:00+00:00,2024-10-27T18:00:00-04:00,2024-10-28T17:00:00-04:00,False,False,,1380,390,1380,1380,0,0,0,0,0,0,1,MNQZ4,0,,,0,pass,True,none,
2024-10-29,validation,True,2024-10-28T22:00:00+00:00,2024-10-29T21:00:00+00:00,2024-10-28T18:00:00-04:00,2024-10-29T17:00:00-04:00,False,False,,1380,390,1380,1380,0,0,0,0,0,0,1,MNQZ4,0,,,0,pass,True,none,
2024-10-30,validation,True,2024-10-29T22:00:00+00:00,2024-10-30T21:00:00+00:00,2024-10-29T18:00:00-04:00,2024-10-30T17:00:00-04:00,False,False,,1380,390,1380,1380,0,0,0,0,0,0,1,MNQZ4,0,,,0,pass,True,none,
2024-10-31,validation,True,2024-10-30T22:00:00+00:00,2024-10-31T21:00:00+00:00,2024-10-30T18:00:00-04:00,2024-10-31T17:00:00-04:00,False,False,,1380,390,1380,1380,0,0,0,0,0,0,1,MNQZ4,0,,,0,pass,True,none,
2024-11-01,validation,True,2024-10-31T22:00:00+00:00,2024-11-01T21:00:00+00:00,2024-10-31T18:00:00-04:00,2024-11-01T17:00:00-04:00,False,False,,1380,390,1380,1380,0,0,0,0,0,0,1,MNQZ4,0,,,0,pass,True,none,
2024-11-04,validation,True,2024-11-03T23:00:00+00:00,2024-11-04T22:00:00+00:00,2024-11-03T18:00:00-05:00,2024-11-04T17:00:00-05:00,False,False,,1380,390,1380,1380,0,0,0,0,0,0,1,MNQZ4,0,,,0,pass,True,none,
2024-11-05,validation,True,2024-11-04T23:00:00+00:00,2024-11-05T22:00:00+00:00,2024-11-04T18:00:00-05:00,2024-11-05T17:00:00-05:00,False,False,,1380,390,1380,1380,0,0,0,0,0,0,1,MNQZ4,0,,,0,pass,True,none,
2024-11-06,validation,True,2024-11-05T23:00:00+00:00,2024-11-06T22:00:00+00:00,2024-11-05T18:00:00-05:00,2024-11-06T17:00:00-05:00,False,False,,1380,390,1380,1380,0,0,0,0,0,0,1,MNQZ4,0,,,0,pass,True,none,
2024-11-07,validation,True,2024-11-06T23:00:00+00:00,2024-11-07T22:00:00+00:00,2024-11-06T18:00:00-05:00,2024-11-07T17:00:00-05:00,False,False,,1380,390,1380,1380,0,0,0,0,0,0,1,MNQZ4,0,,,0,pass,True,none,
2024-11-08,validation,True,2024-11-07T23:00:00+00:00,2024-11-08T22:00:00+00:00,2024-11-07T18:00:00-05:00,2024-11-08T17:00:00-05:00,False,False,,1380,390,1380,1380,0,0,0,0,0,0,1,MNQZ4,0,,,0,pass,True,none,
2024-11-11,validation,True,2024-11-10T23:00:00+00:00,2024-11-11T22:00:00+00:00,2024-11-10T18:00:00-05:00,2024-11-11T17:00:00-05:00,False,False,,1380,390,1380,1380,0,0,0,0,0,0,1,MNQZ4,0,,,0,pass,True,none,
2024-11-12,validation,True,2024-11-11T23:00:00+00:00,2024-11-12T22:00:00+00:00,2024-11-11T18:00:00-05:00,2024-11-12T17:00:00-05:00,False,False,,1380,390,1380,1380,0,0,0,0,0,0,1,MNQZ4,0,,,0,pass,True,none,
2024-11-13,validation,True,2024-11-12T23:00:00+00:00,2024-11-13T22:00:00+00:00,2024-11-12T18:00:00-05:00,2024-11-13T17:00:00-05:00,False,False,,1380,390,1380,1380,0,0,0,0,0,0,1,MNQZ4,0,,,0,pass,True,none,
2024-11-14,validation,True,2024-11-13T23:00:00+00:00,2024-11-14T22:00:00+00:00,2024-11-13T18:00:00-05:00,2024-11-14T17:00:00-05:00,False,False,,1380,390,1380,1380,0,0,0,0,0,0,1,MNQZ4,0,,,0,pass,True,none,
2024-11-15,validation,True,2024-11-14T23:00:00+00:00,2024-11-15T22:00:00+00:00,2024-11-14T18:00:00-05:00,2024-11-15T17:00:00-05:00,False,False,,1380,390,1380,1380,0,0,0,0,0,0,1,MNQZ4,0,,,0,pass,True,none,
2024-11-18,validation,True,2024-11-17T23:00:00+00:00,2024-11-18T22:00:00+00:00,2024-11-17T18:00:00-05:00,2024-11-18T17:00:00-05:00,False,False,,1380,390,1380,1380,0,0,0,0,0,0,1,MNQZ4,0,,,0,pass,True,none,
2024-11-19,validation,True,2024-11-18T23:00:00+00:00,2024-11-19T22:00:00+00:00,2024-11-18T18:00:00-05:00,2024-11-19T17:00:00-05:00,False,False,,1380,390,1380,1380,0,0,0,0,0,0,1,MNQZ4,0,,,0,pass,True,none,
2024-11-20,validation,True,2024-11-19T23:00:00+00:00,2024-11-20T22:00:00+00:00,2024-11-19T18:00:00-05:00,2024-11-20T17:00:00-05:00,False,False,,1380,390,1380,1380,0,0,0,0,0,0,1,MNQZ4,0,,,0,pass,True,none,
2024-11-21,validation,True,2024-11-20T23:00:00+00:00,2024-11-21T22:00:00+00:00,2024-11-20T18:00:00-05:00,2024-11-21T17:00:00-05:00,False,False,,1380,390,1380,1380,0,0,0,0,0,0,1,MNQZ4,0,,,0,pass,True,none,
2024-11-22,validation,True,2024-11-21T23:00:00+00:00,2024-11-22T22:00:00+00:00,2024-11-21T18:00:00-05:00,2024-11-22T17:00:00-05:00,False,False,,1380,390,1380,1380,0,0,0,0,0,0,1,MNQZ4,0,,,0,pass,True,none,
2024-11-25,validation,True,2024-11-24T23:00:00+00:00,2024-11-25T22:00:00+00:00,2024-11-24T18:00:00-05:00,2024-11-25T17:00:00-05:00,False,False,,1380,390,1380,1380,0,0,0,0,0,0,1,MNQZ4,0,,,0,pass,True,none,
2024-11-26,validation,True,2024-11-25T23:00:00+00:00,2024-11-26T22:00:00+00:00,2024-11-25T18:00:00-05:00,2024-11-26T17:00:00-05:00,False,False,,1380,390,1380,1380,0,0,0,0,0,0,1,MNQZ4,0,,,0,pass,True,none,
2024-11-27,validation,True,2024-11-26T23:00:00+00:00,2024-11-27T22:00:00+00:00,2024-11-26T18:00:00-05:00,2024-11-27T17:00:00-05:00,False,False,,1380,390,1380,1380,0,0,0,0,0,0,1,MNQZ4,0,,,0,pass,True,none,
2024-11-28,validation,True,2024-11-27T23:00:00+00:00,2024-11-28T18:00:00+00:00,2024-11-27T18:00:00-05:00,2024-11-28T13:00:00-05:00,True,False,,1140,210,1140,1140,0,0,0,0,0,0,1,MNQZ4,0,,,0,pass,True,none,
2024-11-29,validation,True,2024-11-28T23:00:00+00:00,2024-11-29T18:15:00+00:00,2024-11-28T18:00:00-05:00,2024-11-29T13:15:00-05:00,True,False,,1155,225,1155,1155,0,0,0,0,0,0,1,MNQZ4,0,,,0,pass,True,none,
2024-12-02,validation,True,2024-12-01T23:00:00+00:00,2024-12-02T22:00:00+00:00,2024-12-01T18:00:00-05:00,2024-12-02T17:00:00-05:00,False,False,,1380,390,1380,1380,0,0,0,0,0,0,1,MNQZ4,0,,,0,pass,True,none,
2024-12-03,validation,True,2024-12-02T23:00:00+00:00,2024-12-03T22:00:00+00:00,2024-12-02T18:00:00-05:00,2024-12-03T17:00:00-05:00,False,False,,1380,390,1380,1380,0,0,0,0,0,0,1,MNQZ4,0,,,0,pass,True,none,
2024-12-04,validation,True,2024-12-03T23:00:00+00:00,2024-12-04T22:00:00+00:00,2024-12-03T18:00:00-05:00,2024-12-04T17:00:00-05:00,False,False,,1380,390,1380,1380,0,0,0,0,0,0,1,MNQZ4,0,,,0,pass,True,none,
2024-12-05,validation,True,2024-12-04T23:00:00+00:00,2024-12-05T22:00:00+00:00,2024-12-04T18:00:00-05:00,2024-12-05T17:00:00-05:00,False,False,,1380,390,1380,1380,0,0,0,0,0,0,1,MNQZ4,0,,,0,pass,True,none,
2024-12-06,validation,True,2024-12-05T23:00:00+00:00,2024-12-06T22:00:00+00:00,2024-12-05T18:00:00-05:00,2024-12-06T17:00:00-05:00,False,False,,1380,390,1380,1380,0,0,0,0,0,0,1,MNQZ4,0,,,0,pass,True,none,
2024-12-09,validation,True,2024-12-08T23:00:00+00:00,2024-12-09T22:00:00+00:00,2024-12-08T18:00:00-05:00,2024-12-09T17:00:00-05:00,False,False,,1380,390,1380,1380,0,0,0,0,0,0,1,MNQZ4,0,,,0,pass,True,none,
2024-12-10,validation,True,2024-12-09T23:00:00+00:00,2024-12-10T22:00:00+00:00,2024-12-09T18:00:00-05:00,2024-12-10T17:00:00-05:00,False,False,,1380,390,1380,1380,0,0,0,0,0,0,1,MNQZ4,0,,,0,pass,True,none,
2024-12-11,validation,True,2024-12-10T23:00:00+00:00,2024-12-11T22:00:00+00:00,2024-12-10T18:00:00-05:00,2024-12-11T17:00:00-05:00,False,False,,1380,390,1380,1380,0,0,0,0,0,0,1,MNQZ4,0,,,0,pass,True,none,
2024-12-12,validation,True,2024-12-11T23:00:00+00:00,2024-12-12T22:00:00+00:00,2024-12-11T18:00:00-05:00,2024-12-12T17:00:00-05:00,False,False,,1380,390,1380,1380,0,0,0,0,0,0,1,MNQZ4,0,,,0,pass,True,none,
2024-12-13,validation,True,2024-12-12T23:00:00+00:00,2024-12-13T22:00:00+00:00,2024-12-12T18:00:00-05:00,2024-12-13T17:00:00-05:00,False,False,,1380,390,1380,1380,0,0,0,0,0,0,1,MNQZ4,0,,,0,pass,True,none,
2024-12-16,validation,True,2024-12-15T23:00:00+00:00,2024-12-16T22:00:00+00:00,2024-12-15T18:00:00-05:00,2024-12-16T17:00:00-05:00,False,False,,1380,390,1380,1380,0,0,0,0,0,0,1,MNQZ4,0,,,0,pass,True,none,
2024-12-17,validation,True,2024-12-16T23:00:00+00:00,2024-12-17T22:00:00+00:00,2024-12-16T18:00:00-05:00,2024-12-17T17:00:00-05:00,False,False,,1380,390,1380,1380,0,0,0,0,0,0,1,MNQZ4,0,,,0,pass,True,none,
2024-12-18,validation,True,2024-12-17T23:00:00+00:00,2024-12-18T22:00:00+00:00,2024-12-17T18:00:00-05:00,2024-12-18T17:00:00-05:00,False,False,,1380,390,1379,1379,1,0,0,0,0,0,1,MNQZ4,0,2024-12-18T04:04:00+00:00,2024-12-18T04:04:00+00:00,1,excluded,False,high,missing_expected_minutes
2024-12-19,validation,True,2024-12-18T23:00:00+00:00,2024-12-19T22:00:00+00:00,2024-12-18T18:00:00-05:00,2024-12-19T17:00:00-05:00,False,False,,1380,390,1380,1380,0,0,0,0,0,0,2,MNQZ4|MNQH5,1,,,0,excluded,False,high,multiple_contracts_within_session|roll_boundary_session
2024-12-20,validation,True,2024-12-19T23:00:00+00:00,2024-12-20T22:00:00+00:00,2024-12-19T18:00:00-05:00,2024-12-20T17:00:00-05:00,False,False,,1380,390,1380,1380,0,0,0,0,0,0,1,MNQH5,0,,,0,pass,True,none,
2024-12-23,validation,True,2024-12-22T23:00:00+00:00,2024-12-23T22:00:00+00:00,2024-12-22T18:00:00-05:00,2024-12-23T17:00:00-05:00,False,False,,1380,390,1380,1380,0,0,0,0,0,0,1,MNQH5,0,,,0,pass,True,none,
2024-12-24,validation,True,2024-12-23T23:00:00+00:00,2024-12-24T18:15:00+00:00,2024-12-23T18:00:00-05:00,2024-12-24T13:15:00-05:00,True,False,,1155,225,1155,1155,0,0,0,0,0,0,1,MNQH5,0,,,0,pass,True,none,
2024-12-26,validation,True,2024-12-25T23:00:00+00:00,2024-12-26T22:00:00+00:00,2024-12-25T18:00:00-05:00,2024-12-26T17:00:00-05:00,False,False,,1380,390,1380,1380,0,0,0,0,0,0,1,MNQH5,0,,,0,pass,True,none,
2024-12-27,validation,True,2024-12-26T23:00:00+00:00,2024-12-27T22:00:00+00:00,2024-12-26T18:00:00-05:00,2024-12-27T17:00:00-05:00,False,False,,1380,390,1380,1380,0,0,0,0,0,0,1,MNQH5,0,,,0,pass,True,none,
2024-12-30,validation,True,2024-12-29T23:00:00+00:00,2024-12-30T22:00:00+00:00,2024-12-29T18:00:00-05:00,2024-12-30T17:00:00-05:00,False,False,,1380,390,1380,1380,0,0,0,0,0,0,1,MNQH5,0,,,0,pass,True,none,
2024-12-31,validation,True,2024-12-30T23:00:00+00:00,2024-12-31T22:00:00+00:00,2024-12-30T18:00:00-05:00,2024-12-31T17:00:00-05:00,False,False,,1380,390,1380,1380,0,0,0,0,0,0,1,MNQH5,0,,,0,pass,True,none,
2025-01-02,validation,True,2025-01-01T23:00:00+00:00,2025-01-02T22:00:00+00:00,2025-01-01T18:00:00-05:00,2025-01-02T17:00:00-05:00,False,False,,1380,390,1380,1380,0,0,0,0,0,0,1,MNQH5,0,,,0,pass,True,none,
2025-01-03,validation,True,2025-01-02T23:00:00+00:00,2025-01-03T22:00:00+00:00,2025-01-02T18:00:00-05:00,2025-01-03T17:00:00-05:00,False,False,,1380,390,1380,1380,0,0,0,0,0,0,1,MNQH5,0,,,0,pass,True,none,
2025-01-06,validation,True,2025-01-05T23:00:00+00:00,2025-01-06T22:00:00+00:00,2025-01-05T18:00:00-05:00,2025-01-06T17:00:00-05:00,False,False,,1380,390,1380,1380,0,0,0,0,0,0,1,MNQH5,0,,,0,pass,True,none,
2025-01-07,validation,True,2025-01-06T23:00:00+00:00,2025-01-07T22:00:00+00:00,2025-01-06T18:00:00-05:00,2025-01-07T17:00:00-05:00,False,False,,1380,390,1380,1380,0,0,0,0,0,0,1,MNQH5,0,,,0,pass,True,none,
2025-01-08,validation,True,2025-01-07T23:00:00+00:00,2025-01-08T22:00:00+00:00,2025-01-07T18:00:00-05:00,2025-01-08T17:00:00-05:00,False,False,,1380,390,1380,1380,0,0,0,0,0,0,1,MNQH5,0,,,0,pass,True,none,
2025-01-09,validation,True,2025-01-08T23:00:00+00:00,2025-01-09T14:30:00+00:00,2025-01-08T18:00:00-05:00,2025-01-09T09:30:00-05:00,True,True,CME_SER_9499R_national_day_of_mourning,930,0,930,930,0,0,0,0,0,0,1,MNQH5,0,,,0,pass,True,none,
2025-01-10,validation,True,2025-01-09T23:00:00+00:00,2025-01-10T22:00:00+00:00,2025-01-09T18:00:00-05:00,2025-01-10T17:00:00-05:00,False,False,,1380,390,1380,1380,0,0,0,0,0,0,1,MNQH5,0,,,0,pass,True,none,
2025-01-13,validation,True,2025-01-12T23:00:00+00:00,2025-01-13T22:00:00+00:00,2025-01-12T18:00:00-05:00,2025-01-13T17:00:00-05:00,False,False,,1380,390,1380,1380,0,0,0,0,0,0,1,MNQH5,0,,,0,pass,True,none,
2025-01-14,validation,True,2025-01-13T23:00:00+00:00,2025-01-14T22:00:00+00:00,2025-01-13T18:00:00-05:00,2025-01-14T17:00:00-05:00,False,False,,1380,390,1380,1380,0,0,0,0,0,0,1,MNQH5,0,,,0,pass,True,none,
2025-01-15,validation,True,2025-01-14T23:00:00+00:00,2025-01-15T22:00:00+00:00,2025-01-14T18:00:00-05:00,2025-01-15T17:00:00-05:00,False,False,,1380,390,1380,1380,0,0,0,0,0,0,1,MNQH5,0,,,0,pass,True,none,
2025-01-16,validation,True,2025-01-15T23:00:00+00:00,2025-01-16T22:00:00+00:00,2025-01-15T18:00:00-05:00,2025-01-16T17:00:00-05:00,False,False,,1380,390,1380,1380,0,0,0,0,0,0,1,MNQH5,0,,,0,pass,True,none,
2025-01-17,validation,True,2025-01-16T23:00:00+00:00,2025-01-17T22:00:00+00:00,2025-01-16T18:00:00-05:00,2025-01-17T17:00:00-05:00,False,False,,1380,390,1380,1380,0,0,0,0,0,0,1,MNQH5,0,,,0,pass,True,none,
2025-01-20,validation,True,2025-01-19T23:00:00+00:00,2025-01-20T18:00:00+00:00,2025-01-19T18:00:00-05:00,2025-01-20T13:00:00-05:00,True,False,,1140,210,1140,1140,0,0,0,0,0,0,1,MNQH5,0,,,0,pass,True,none,
2025-01-21,validation,True,2025-01-20T23:00:00+00:00,2025-01-21T22:00:00+00:00,2025-01-20T18:00:00-05:00,2025-01-21T17:00:00-05:00,False,False,,1380,390,1380,1380,0,0,0,0,0,0,1,MNQH5,0,,,0,pass,True,none,
2025-01-22,validation,True,2025-01-21T23:00:00+00:00,2025-01-22T22:00:00+00:00,2025-01-21T18:00:00-05:00,2025-01-22T17:00:00-05:00,False,False,,1380,390,1380,1380,0,0,0,0,0,0,1,MNQH5,0,,,0,pass,True,none,
2025-01-23,validation,True,2025-01-22T23:00:00+00:00,2025-01-23T22:00:00+00:00,2025-01-22T18:00:00-05:00,2025-01-23T17:00:00-05:00,False,False,,1380,390,1380,1380,0,0,0,0,0,0,1,MNQH5,0,,,0,pass,True,none,
2025-01-24,validation,True,2025-01-23T23:00:00+00:00,2025-01-24T22:00:00+00:00,2025-01-23T18:00:00-05:00,2025-01-24T17:00:00-05:00,False,False,,1380,390,1380,1380,0,0,0,0,0,0,1,MNQH5,0,,,0,pass,True,none,
2025-01-27,validation,True,2025-01-26T23:00:00+00:00,2025-01-27T22:00:00+00:00,2025-01-26T18:00:00-05:00,2025-01-27T17:00:00-05:00,False,False,,1380,390,1380,1380,0,0,0,0,0,0,1,MNQH5,0,,,0,pass,True,none,
2025-01-28,validation,True,2025-01-27T23:00:00+00:00,2025-01-28T22:00:00+00:00,2025-01-27T18:00:00-05:00,2025-01-28T17:00:00-05:00,False,False,,1380,390,1380,1380,0,0,0,0,0,0,1,MNQH5,0,,,0,pass,True,none,
2025-01-29,validation,True,2025-01-28T23:00:00+00:00,2025-01-29T22:00:00+00:00,2025-01-28T18:00:00-05:00,2025-01-29T17:00:00-05:00,False,False,,1380,390,1380,1380,0,0,0,0,0,0,1,MNQH5,0,,,0,pass,True,none,
2025-01-30,validation,True,2025-01-29T23:00:00+00:00,2025-01-30T22:00:00+00:00,2025-01-29T18:00:00-05:00,2025-01-30T17:00:00-05:00,False,False,,1380,390,1380,1380,0,0,0,0,0,0,1,MNQH5,0,,,0,pass,True,none,
2025-01-31,validation,True,2025-01-30T23:00:00+00:00,2025-01-31T22:00:00+00:00,2025-01-30T18:00:00-05:00,2025-01-31T17:00:00-05:00,False,False,,1380,390,1380,1380,0,0,0,0,0,0,1,MNQH5,0,,,0,pass,True,none,
2025-02-03,validation,True,2025-02-02T23:00:00+00:00,2025-02-03T22:00:00+00:00,2025-02-02T18:00:00-05:00,2025-02-03T17:00:00-05:00,False,False,,1380,390,1380,1380,0,0,0,0,0,0,1,MNQH5,0,,,0,pass,True,none,
2025-02-04,validation,True,2025-02-03T23:00:00+00:00,2025-02-04T22:00:00+00:00,2025-02-03T18:00:00-05:00,2025-02-04T17:00:00-05:00,False,False,,1380,390,1380,1380,0,0,0,0,0,0,1,MNQH5,0,,,0,pass,True,none,
2025-02-05,validation,True,2025-02-04T23:00:00+00:00,2025-02-05T22:00:00+00:00,2025-02-04T18:00:00-05:00,2025-02-05T17:00:00-05:00,False,False,,1380,390,1380,1380,0,0,0,0,0,0,1,MNQH5,0,,,0,pass,True,none,
2025-02-06,validation,True,2025-02-05T23:00:00+00:00,2025-02-06T22:00:00+00:00,2025-02-05T18:00:00-05:00,2025-02-06T17:00:00-05:00,False,False,,1380,390,1380,1380,0,0,0,0,0,0,1,MNQH5,0,,,0,pass,True,none,
2025-02-07,validation,True,2025-02-06T23:00:00+00:00,2025-02-07T22:00:00+00:00,2025-02-06T18:00:00-05:00,2025-02-07T17:00:00-05:00,False,False,,1380,390,1380,1380,0,0,0,0,0,0,1,MNQH5,0,,,0,pass,True,none,
2025-02-10,validation,True,2025-02-09T23:00:00+00:00,2025-02-10T22:00:00+00:00,2025-02-09T18:00:00-05:00,2025-02-10T17:00:00-05:00,False,False,,1380,390,1380,1380,0,0,0,0,0,0,1,MNQH5,0,,,0,pass,True,none,
2025-02-11,validation,True,2025-02-10T23:00:00+00:00,2025-02-11T22:00:00+00:00,2025-02-10T18:00:00-05:00,2025-02-11T17:00:00-05:00,False,False,,1380,390,1380,1380,0,0,0,0,0,0,1,MNQH5,0,,,0,pass,True,none,
2025-02-12,validation,True,2025-02-11T23:00:00+00:00,2025-02-12T22:00:00+00:00,2025-02-11T18:00:00-05:00,2025-02-12T17:00:00-05:00,False,False,,1380,390,1380,1380,0,0,0,0,0,0,1,MNQH5,0,,,0,pass,True,none,
2025-02-13,validation,True,2025-02-12T23:00:00+00:00,2025-02-13T22:00:00+00:00,2025-02-12T18:00:00-05:00,2025-02-13T17:00:00-05:00,False,False,,1380,390,1380,1380,0,0,0,0,0,0,1,MNQH5,0,,,0,pass,True,none,
2025-02-14,validation,True,2025-02-13T23:00:00+00:00,2025-02-14T22:00:00+00:00,2025-02-13T18:00:00-05:00,2025-02-14T17:00:00-05:00,False,False,,1380,390,1380,1380,0,0,0,0,0,0,1,MNQH5,0,,,0,pass,True,none,
2025-02-17,validation,True,2025-02-16T23:00:00+00:00,2025-02-17T18:00:00+00:00,2025-02-16T18:00:00-05:00,2025-02-17T13:00:00-05:00,True,False,,1140,210,1140,1140,0,0,0,0,0,0,1,MNQH5,0,,,0,pass,True,none,
2025-02-18,validation,True,2025-02-17T23:00:00+00:00,2025-02-18T22:00:00+00:00,2025-02-17T18:00:00-05:00,2025-02-18T17:00:00-05:00,False,False,,1380,390,1380,1380,0,0,0,0,0,0,1,MNQH5,0,,,0,pass,True,none,
2025-02-19,validation,True,2025-02-18T23:00:00+00:00,2025-02-19T22:00:00+00:00,2025-02-18T18:00:00-05:00,2025-02-19T17:00:00-05:00,False,False,,1380,390,1380,1380,0,0,0,0,0,0,1,MNQH5,0,,,0,pass,True,none,
2025-02-20,validation,True,2025-02-19T23:00:00+00:00,2025-02-20T22:00:00+00:00,2025-02-19T18:00:00-05:00,2025-02-20T17:00:00-05:00,False,False,,1380,390,1380,1380,0,0,0,0,0,0,1,MNQH5,0,,,0,pass,True,none,
2025-02-21,validation,True,2025-02-20T23:00:00+00:00,2025-02-21T22:00:00+00:00,2025-02-20T18:00:00-05:00,2025-02-21T17:00:00-05:00,False,False,,1380,390,1380,1380,0,0,0,0,0,0,1,MNQH5,0,,,0,pass,True,none,
2025-02-24,validation,True,2025-02-23T23:00:00+00:00,2025-02-24T22:00:00+00:00,2025-02-23T18:00:00-05:00,2025-02-24T17:00:00-05:00,False,False,,1380,390,1380,1380,0,0,0,0,0,0,1,MNQH5,0,,,0,pass,True,none,
2025-02-25,validation,True,2025-02-24T23:00:00+00:00,2025-02-25T22:00:00+00:00,2025-02-24T18:00:00-05:00,2025-02-25T17:00:00-05:00,False,False,,1380,390,1380,1380,0,0,0,0,0,0,1,MNQH5,0,,,0,pass,True,none,
2025-02-26,validation,True,2025-02-25T23:00:00+00:00,2025-02-26T22:00:00+00:00,2025-02-25T18:00:00-05:00,2025-02-26T17:00:00-05:00,False,False,,1380,390,1380,1380,0,0,0,0,0,0,1,MNQH5,0,,,0,pass,True,none,
2025-02-27,validation,True,2025-02-26T23:00:00+00:00,2025-02-27T22:00:00+00:00,2025-02-26T18:00:00-05:00,2025-02-27T17:00:00-05:00,False,False,,1380,390,1380,1380,0,0,0,0,0,0,1,MNQH5,0,,,0,pass,True,none,
2025-02-28,validation,True,2025-02-27T23:00:00+00:00,2025-02-28T22:00:00+00:00,2025-02-27T18:00:00-05:00,2025-02-28T17:00:00-05:00,False,False,,1380,390,1380,1380,0,0,0,0,0,0,1,MNQH5,0,,,0,pass,True,none,
2025-03-03,validation,True,2025-03-02T23:00:00+00:00,2025-03-03T22:00:00+00:00,2025-03-02T18:00:00-05:00,2025-03-03T17:00:00-05:00,False,False,,1380,390,1380,1380,0,0,0,0,0,0,1,MNQH5,0,,,0,pass,True,none,
2025-03-04,validation,True,2025-03-03T23:00:00+00:00,2025-03-04T22:00:00+00:00,2025-03-03T18:00:00-05:00,2025-03-04T17:00:00-05:00,False,False,,1380,390,1380,1380,0,0,0,0,0,0,1,MNQH5,0,,,0,pass,True,none,
2025-03-05,validation,True,2025-03-04T23:00:00+00:00,2025-03-05T22:00:00+00:00,2025-03-04T18:00:00-05:00,2025-03-05T17:00:00-05:00,False,False,,1380,390,1380,1380,0,0,0,0,0,0,1,MNQH5,0,,,0,pass,True,none,
2025-03-06,validation,True,2025-03-05T23:00:00+00:00,2025-03-06T22:00:00+00:00,2025-03-05T18:00:00-05:00,2025-03-06T17:00:00-05:00,False,False,,1380,390,1380,1380,0,0,0,0,0,0,1,MNQH5,0,,,0,pass,True,none,
2025-03-07,validation,True,2025-03-06T23:00:00+00:00,2025-03-07T22:00:00+00:00,2025-03-06T18:00:00-05:00,2025-03-07T17:00:00-05:00,False,False,,1380,390,1380,1380,0,0,0,0,0,0,1,MNQH5,0,,,0,pass,True,none,
2025-03-10,validation,True,2025-03-09T22:00:00+00:00,2025-03-10T21:00:00+00:00,2025-03-09T18:00:00-04:00,2025-03-10T17:00:00-04:00,False,False,,1380,390,1380,1380,0,0,0,0,0,0,1,MNQH5,0,,,0,pass,True,none,
2025-03-11,validation,True,2025-03-10T22:00:00+00:00,2025-03-11T21:00:00+00:00,2025-03-10T18:00:00-04:00,2025-03-11T17:00:00-04:00,False,False,,1380,390,1380,1380,0,0,0,0,0,0,1,MNQH5,0,,,0,pass,True,none,
2025-03-12,validation,True,2025-03-11T22:00:00+00:00,2025-03-12T21:00:00+00:00,2025-03-11T18:00:00-04:00,2025-03-12T17:00:00-04:00,False,False,,1380,390,1380,1380,0,0,0,0,0,0,1,MNQH5,0,,,0,pass,True,none,
2025-03-13,validation,True,2025-03-12T22:00:00+00:00,2025-03-13T21:00:00+00:00,2025-03-12T18:00:00-04:00,2025-03-13T17:00:00-04:00,False,False,,1380,390,1380,1380,0,0,0,0,0,0,1,MNQH5,0,,,0,pass,True,none,
2025-03-14,validation,True,2025-03-13T22:00:00+00:00,2025-03-14T21:00:00+00:00,2025-03-13T18:00:00-04:00,2025-03-14T17:00:00-04:00,False,False,,1380,390,1380,1380,0,0,0,0,0,0,1,MNQH5,0,,,0,pass,True,none,
2025-03-17,validation,True,2025-03-16T22:00:00+00:00,2025-03-17T21:00:00+00:00,2025-03-16T18:00:00-04:00,2025-03-17T17:00:00-04:00,False,False,,1380,390,1380,1380,0,0,0,0,0,0,1,MNQH5,0,,,0,pass,True,none,
2025-03-18,validation,True,2025-03-17T22:00:00+00:00,2025-03-18T21:00:00+00:00,2025-03-17T18:00:00-04:00,2025-03-18T17:00:00-04:00,False,False,,1380,390,1380,1380,0,0,0,0,0,0,1,MNQH5,0,,,0,pass,True,none,
2025-03-19,validation,True,2025-03-18T22:00:00+00:00,2025-03-19T21:00:00+00:00,2025-03-18T18:00:00-04:00,2025-03-19T17:00:00-04:00,False,False,,1380,390,1380,1380,0,0,0,0,0,0,1,MNQH5,0,,,0,pass,True,none,
2025-03-20,validation,True,2025-03-19T22:00:00+00:00,2025-03-20T21:00:00+00:00,2025-03-19T18:00:00-04:00,2025-03-20T17:00:00-04:00,False,False,,1380,390,1380,1380,0,0,0,0,0,0,2,MNQH5|MNQM5,1,,,0,excluded,False,high,multiple_contracts_within_session|roll_boundary_session
2025-03-21,validation,True,2025-03-20T22:00:00+00:00,2025-03-21T21:00:00+00:00,2025-03-20T18:00:00-04:00,2025-03-21T17:00:00-04:00,False,False,,1380,390,1380,1380,0,0,0,0,0,0,1,MNQM5,0,,,0,pass,True,none,
2025-03-24,validation,True,2025-03-23T22:00:00+00:00,2025-03-24T21:00:00+00:00,2025-03-23T18:00:00-04:00,2025-03-24T17:00:00-04:00,False,False,,1380,390,1380,1380,0,0,0,0,0,0,1,MNQM5,0,,,0,pass,True,none,
2025-03-25,validation,True,2025-03-24T22:00:00+00:00,2025-03-25T21:00:00+00:00,2025-03-24T18:00:00-04:00,2025-03-25T17:00:00-04:00,False,False,,1380,390,1380,1380,0,0,0,0,0,0,1,MNQM5,0,,,0,pass,True,none,
2025-03-26,validation,True,2025-03-25T22:00:00+00:00,2025-03-26T21:00:00+00:00,2025-03-25T18:00:00-04:00,2025-03-26T17:00:00-04:00,False,False,,1380,390,1380,1380,0,0,0,0,0,0,1,MNQM5,0,,,0,pass,True,none,
2025-03-27,validation,True,2025-03-26T22:00:00+00:00,2025-03-27T21:00:00+00:00,2025-03-26T18:00:00-04:00,2025-03-27T17:00:00-04:00,False,False,,1380,390,1380,1380,0,0,0,0,0,0,1,MNQM5,0,,,0,pass,True,none,
2025-03-28,validation,True,2025-03-27T22:00:00+00:00,2025-03-28T21:00:00+00:00,2025-03-27T18:00:00-04:00,2025-03-28T17:00:00-04:00,False,False,,1380,390,1380,1380,0,0,0,0,0,0,1,MNQM5,0,,,0,pass,True,none,
2025-03-31,validation,True,2025-03-30T22:00:00+00:00,2025-03-31T21:00:00+00:00,2025-03-30T18:00:00-04:00,2025-03-31T17:00:00-04:00,False,False,,1380,390,1380,1380,0,0,0,0,0,0,1,MNQM5,0,,,0,pass,True,none,
2025-04-01,validation,True,2025-03-31T22:00:00+00:00,2025-04-01T21:00:00+00:00,2025-03-31T18:00:00-04:00,2025-04-01T17:00:00-04:00,False,False,,1380,390,1380,1380,0,0,0,0,0,0,1,MNQM5,0,,,0,pass,True,none,
2025-04-02,validation,True,2025-04-01T22:00:00+00:00,2025-04-02T21:00:00+00:00,2025-04-01T18:00:00-04:00,2025-04-02T17:00:00-04:00,False,False,,1380,390,1379,1379,1,0,0,0,0,0,1,MNQM5,0,2025-04-02T20:31:00+00:00,2025-04-02T20:31:00+00:00,1,excluded,False,high,missing_expected_minutes
2025-04-03,validation,True,2025-04-02T22:00:00+00:00,2025-04-03T21:00:00+00:00,2025-04-02T18:00:00-04:00,2025-04-03T17:00:00-04:00,False,False,,1380,390,1378,1378,2,0,0,0,0,0,1,MNQM5,0,2025-04-02T22:00:00+00:00,2025-04-02T22:01:00+00:00,2,excluded,False,high,missing_expected_minutes
2025-04-04,validation,True,2025-04-03T22:00:00+00:00,2025-04-04T21:00:00+00:00,2025-04-03T18:00:00-04:00,2025-04-04T17:00:00-04:00,False,False,,1380,390,1380,1380,0,0,0,0,0,0,1,MNQM5,0,,,0,pass,True,none,
2025-04-07,validation,True,2025-04-06T22:00:00+00:00,2025-04-07T21:00:00+00:00,2025-04-06T18:00:00-04:00,2025-04-07T17:00:00-04:00,False,False,,1380,390,1380,1380,0,0,0,0,0,0,1,MNQM5,0,,,0,pass,True,none,
2025-04-08,validation,True,2025-04-07T22:00:00+00:00,2025-04-08T21:00:00+00:00,2025-04-07T18:00:00-04:00,2025-04-08T17:00:00-04:00,False,False,,1380,390,1380,1380,0,0,0,0,0,0,1,MNQM5,0,,,0,pass,True,none,
2025-04-09,validation,True,2025-04-08T22:00:00+00:00,2025-04-09T21:00:00+00:00,2025-04-08T18:00:00-04:00,2025-04-09T17:00:00-04:00,False,False,,1380,390,1380,1380,0,0,0,0,0,0,1,MNQM5,0,,,0,pass,True,none,
2025-04-10,validation,True,2025-04-09T22:00:00+00:00,2025-04-10T21:00:00+00:00,2025-04-09T18:00:00-04:00,2025-04-10T17:00:00-04:00,False,False,,1380,390,1380,1380,0,0,0,0,0,0,1,MNQM5,0,,,0,pass,True,none,
2025-04-11,validation,True,2025-04-10T22:00:00+00:00,2025-04-11T21:00:00+00:00,2025-04-10T18:00:00-04:00,2025-04-11T17:00:00-04:00,False,False,,1380,390,1380,1380,0,0,0,0,0,0,1,MNQM5,0,,,0,pass,True,none,
2025-04-14,validation,True,2025-04-13T22:00:00+00:00,2025-04-14T21:00:00+00:00,2025-04-13T18:00:00-04:00,2025-04-14T17:00:00-04:00,False,False,,1380,390,1380,1380,0,0,0,0,0,0,1,MNQM5,0,,,0,pass,True,none,
2025-04-15,validation,True,2025-04-14T22:00:00+00:00,2025-04-15T21:00:00+00:00,2025-04-14T18:00:00-04:00,2025-04-15T17:00:00-04:00,False,False,,1380,390,1380,1380,0,0,0,0,0,0,1,MNQM5,0,,,0,pass,True,none,
2025-04-16,validation,True,2025-04-15T22:00:00+00:00,2025-04-16T21:00:00+00:00,2025-04-15T18:00:00-04:00,2025-04-16T17:00:00-04:00,False,False,,1380,390,1380,1380,0,0,0,0,0,0,1,MNQM5,0,,,0,pass,True,none,
2025-04-17,validation,True,2025-04-16T22:00:00+00:00,2025-04-17T21:00:00+00:00,2025-04-16T18:00:00-04:00,2025-04-17T17:00:00-04:00,False,False,,1380,390,1380,1380,0,0,0,0,0,0,1,MNQM5,0,,,0,pass,True,none,
2025-04-18,validation,True,2025-04-17T22:00:00+00:00,2025-04-18T13:15:00+00:00,2025-04-17T18:00:00-04:00,2025-04-18T09:15:00-04:00,True,False,,915,0,0,0,915,0,0,0,0,0,0,,0,2025-04-17T22:00:00+00:00,2025-04-18T13:14:00+00:00,915,excluded,False,critical,missing_expected_minutes
2025-04-21,validation,True,2025-04-20T22:00:00+00:00,2025-04-21T21:00:00+00:00,2025-04-20T18:00:00-04:00,2025-04-21T17:00:00-04:00,False,False,,1380,390,1380,1380,0,0,0,0,0,0,1,MNQM5,0,,,0,pass,True,none,
2025-04-22,validation,True,2025-04-21T22:00:00+00:00,2025-04-22T21:00:00+00:00,2025-04-21T18:00:00-04:00,2025-04-22T17:00:00-04:00,False,False,,1380,390,1380,1380,0,0,0,0,0,0,1,MNQM5,0,,,0,pass,True,none,
2025-04-23,validation,True,2025-04-22T22:00:00+00:00,2025-04-23T21:00:00+00:00,2025-04-22T18:00:00-04:00,2025-04-23T17:00:00-04:00,False,False,,1380,390,1380,1380,0,0,0,0,0,0,1,MNQM5,0,,,0,pass,True,none,
2025-04-24,validation,True,2025-04-23T22:00:00+00:00,2025-04-24T21:00:00+00:00,2025-04-23T18:00:00-04:00,2025-04-24T17:00:00-04:00,False,False,,1380,390,1380,1380,0,0,0,0,0,0,1,MNQM5,0,,,0,pass,True,none,
2025-04-25,validation,True,2025-04-24T22:00:00+00:00,2025-04-25T21:00:00+00:00,2025-04-24T18:00:00-04:00,2025-04-25T17:00:00-04:00,False,False,,1380,390,1380,1380,0,0,0,0,0,0,1,MNQM5,0,,,0,pass,True,none,
2025-04-28,validation,True,2025-04-27T22:00:00+00:00,2025-04-28T21:00:00+00:00,2025-04-27T18:00:00-04:00,2025-04-28T17:00:00-04:00,False,False,,1380,390,1380,1380,0,0,0,0,0,0,1,MNQM5,0,,,0,pass,True,none,
2025-04-29,validation,True,2025-04-28T22:00:00+00:00,2025-04-29T21:00:00+00:00,2025-04-28T18:00:00-04:00,2025-04-29T17:00:00-04:00,False,False,,1380,390,1380,1380,0,0,0,0,0,0,1,MNQM5,0,,,0,pass,True,none,
2025-04-30,validation,True,2025-04-29T22:00:00+00:00,2025-04-30T21:00:00+00:00,2025-04-29T18:00:00-04:00,2025-04-30T17:00:00-04:00,False,False,,1380,390,1380,1380,0,0,0,0,0,0,1,MNQM5,0,,,0,pass,True,none,
2025-05-01,validation,True,2025-04-30T22:00:00+00:00,2025-05-01T21:00:00+00:00,2025-04-30T18:00:00-04:00,2025-05-01T17:00:00-04:00,False,False,,1380,390,1380,1380,0,0,0,0,0,0,1,MNQM5,0,,,0,pass,True,none,
2025-05-02,validation,True,2025-05-01T22:00:00+00:00,2025-05-02T21:00:00+00:00,2025-05-01T18:00:00-04:00,2025-05-02T17:00:00-04:00,False,False,,1380,390,1380,1380,0,0,0,0,0,0,1,MNQM5,0,,,0,pass,True,none,
2025-05-05,validation,True,2025-05-04T22:00:00+00:00,2025-05-05T21:00:00+00:00,2025-05-04T18:00:00-04:00,2025-05-05T17:00:00-04:00,False,False,,1380,390,1380,1380,0,0,0,0,0,0,1,MNQM5,0,,,0,pass,True,none,
2025-05-06,validation,True,2025-05-05T22:00:00+00:00,2025-05-06T21:00:00+00:00,2025-05-05T18:00:00-04:00,2025-05-06T17:00:00-04:00,False,False,,1380,390,1380,1380,0,0,0,0,0,0,1,MNQM5,0,,,0,pass,True,none,
2025-05-07,validation,True,2025-05-06T22:00:00+00:00,2025-05-07T21:00:00+00:00,2025-05-06T18:00:00-04:00,2025-05-07T17:00:00-04:00,False,False,,1380,390,1380,1380,0,0,0,0,0,0,1,MNQM5,0,,,0,pass,True,none,
2025-05-08,validation,True,2025-05-07T22:00:00+00:00,2025-05-08T21:00:00+00:00,2025-05-07T18:00:00-04:00,2025-05-08T17:00:00-04:00,False,False,,1380,390,1380,1380,0,0,0,0,0,0,1,MNQM5,0,,,0,pass,True,none,
2025-05-09,validation,True,2025-05-08T22:00:00+00:00,2025-05-09T21:00:00+00:00,2025-05-08T18:00:00-04:00,2025-05-09T17:00:00-04:00,False,False,,1380,390,1380,1380,0,0,0,0,0,0,1,MNQM5,0,,,0,pass,True,none,
2025-05-12,validation,True,2025-05-11T22:00:00+00:00,2025-05-12T21:00:00+00:00,2025-05-11T18:00:00-04:00,2025-05-12T17:00:00-04:00,False,False,,1380,390,1380,1380,0,0,0,0,0,0,1,MNQM5,0,,,0,pass,True,none,
2025-05-13,validation,True,2025-05-12T22:00:00+00:00,2025-05-13T21:00:00+00:00,2025-05-12T18:00:00-04:00,2025-05-13T17:00:00-04:00,False,False,,1380,390,1380,1380,0,0,0,0,0,0,1,MNQM5,0,,,0,pass,True,none,
2025-05-14,validation,True,2025-05-13T22:00:00+00:00,2025-05-14T21:00:00+00:00,2025-05-13T18:00:00-04:00,2025-05-14T17:00:00-04:00,False,False,,1380,390,1380,1380,0,0,0,0,0,0,1,MNQM5,0,,,0,pass,True,none,
2025-05-15,validation,True,2025-05-14T22:00:00+00:00,2025-05-15T21:00:00+00:00,2025-05-14T18:00:00-04:00,2025-05-15T17:00:00-04:00,False,False,,1380,390,1380,1380,0,0,0,0,0,0,1,MNQM5,0,,,0,pass,True,none,
2025-05-16,validation,True,2025-05-15T22:00:00+00:00,2025-05-16T21:00:00+00:00,2025-05-15T18:00:00-04:00,2025-05-16T17:00:00-04:00,False,False,,1380,390,1380,1380,0,0,0,0,0,0,1,MNQM5,0,,,0,pass,True,none,
2025-05-19,validation,True,2025-05-18T22:00:00+00:00,2025-05-19T21:00:00+00:00,2025-05-18T18:00:00-04:00,2025-05-19T17:00:00-04:00,False,False,,1380,390,1380,1380,0,0,0,0,0,0,1,MNQM5,0,,,0,pass,True,none,
2025-05-20,validation,True,2025-05-19T22:00:00+00:00,2025-05-20T21:00:00+00:00,2025-05-19T18:00:00-04:00,2025-05-20T17:00:00-04:00,False,False,,1380,390,1380,1380,0,0,0,0,0,0,1,MNQM5,0,,,0,pass,True,none,
2025-05-21,validation,True,2025-05-20T22:00:00+00:00,2025-05-21T21:00:00+00:00,2025-05-20T18:00:00-04:00,2025-05-21T17:00:00-04:00,False,False,,1380,390,1380,1380,0,0,0,0,0,0,1,MNQM5,0,,,0,pass,True,none,
2025-05-22,validation,True,2025-05-21T22:00:00+00:00,2025-05-22T21:00:00+00:00,2025-05-21T18:00:00-04:00,2025-05-22T17:00:00-04:00,False,False,,1380,390,1380,1380,0,0,0,0,0,0,1,MNQM5,0,,,0,pass,True,none,
2025-05-23,validation,True,2025-05-22T22:00:00+00:00,2025-05-23T21:00:00+00:00,2025-05-22T18:00:00-04:00,2025-05-23T17:00:00-04:00,False,False,,1380,390,1380,1380,0,0,0,0,0,0,1,MNQM5,0,,,0,pass,True,none,
2025-05-26,validation,True,2025-05-25T22:00:00+00:00,2025-05-26T17:00:00+00:00,2025-05-25T18:00:00-04:00,2025-05-26T13:00:00-04:00,True,False,,1140,210,1140,1140,0,0,0,0,0,0,1,MNQM5,0,,,0,pass,True,none,
2025-05-27,validation,True,2025-05-26T22:00:00+00:00,2025-05-27T21:00:00+00:00,2025-05-26T18:00:00-04:00,2025-05-27T17:00:00-04:00,False,False,,1380,390,1380,1380,0,0,0,0,0,0,1,MNQM5,0,,,0,pass,True,none,
2025-05-28,validation,True,2025-05-27T22:00:00+00:00,2025-05-28T21:00:00+00:00,2025-05-27T18:00:00-04:00,2025-05-28T17:00:00-04:00,False,False,,1380,390,1380,1380,0,0,0,0,0,0,1,MNQM5,0,,,0,pass,True,none,
2025-05-29,validation,True,2025-05-28T22:00:00+00:00,2025-05-29T21:00:00+00:00,2025-05-28T18:00:00-04:00,2025-05-29T17:00:00-04:00,False,False,,1380,390,1380,1380,0,0,0,0,0,0,1,MNQM5,0,,,0,pass,True,none,
2025-05-30,validation,True,2025-05-29T22:00:00+00:00,2025-05-30T21:00:00+00:00,2025-05-29T18:00:00-04:00,2025-05-30T17:00:00-04:00,False,False,,1380,390,1380,1380,0,0,0,0,0,0,1,MNQM5,0,,,0,pass,True,none,
2025-06-02,validation,True,2025-06-01T22:00:00+00:00,2025-06-02T21:00:00+00:00,2025-06-01T18:00:00-04:00,2025-06-02T17:00:00-04:00,False,False,,1380,390,1380,1380,0,0,0,0,0,0,1,MNQM5,0,,,0,pass,True,none,
2025-06-03,validation,True,2025-06-02T22:00:00+00:00,2025-06-03T21:00:00+00:00,2025-06-02T18:00:00-04:00,2025-06-03T17:00:00-04:00,False,False,,1380,390,1380,1380,0,0,0,0,0,0,1,MNQM5,0,,,0,pass,True,none,
2025-06-04,validation,True,2025-06-03T22:00:00+00:00,2025-06-04T21:00:00+00:00,2025-06-03T18:00:00-04:00,2025-06-04T17:00:00-04:00,False,False,,1380,390,1380,1380,0,0,0,0,0,0,1,MNQM5,0,,,0,pass,True,none,
2025-06-05,validation,True,2025-06-04T22:00:00+00:00,2025-06-05T21:00:00+00:00,2025-06-04T18:00:00-04:00,2025-06-05T17:00:00-04:00,False,False,,1380,390,1380,1380,0,0,0,0,0,0,1,MNQM5,0,,,0,pass,True,none,
2025-06-06,validation,True,2025-06-05T22:00:00+00:00,2025-06-06T21:00:00+00:00,2025-06-05T18:00:00-04:00,2025-06-06T17:00:00-04:00,False,False,,1380,390,1380,1380,0,0,0,0,0,0,1,MNQM5,0,,,0,pass,True,none,
2025-06-09,validation,True,2025-06-08T22:00:00+00:00,2025-06-09T21:00:00+00:00,2025-06-08T18:00:00-04:00,2025-06-09T17:00:00-04:00,False,False,,1380,390,1380,1380,0,0,0,0,0,0,1,MNQM5,0,,,0,pass,True,none,
2025-06-10,validation,True,2025-06-09T22:00:00+00:00,2025-06-10T21:00:00+00:00,2025-06-09T18:00:00-04:00,2025-06-10T17:00:00-04:00,False,False,,1380,390,1380,1380,0,0,0,0,0,0,1,MNQM5,0,,,0,pass,True,none,
2025-06-11,validation,True,2025-06-10T22:00:00+00:00,2025-06-11T21:00:00+00:00,2025-06-10T18:00:00-04:00,2025-06-11T17:00:00-04:00,False,False,,1380,390,1380,1380,0,0,0,0,0,0,1,MNQM5,0,,,0,pass,True,none,
2025-06-12,validation,True,2025-06-11T22:00:00+00:00,2025-06-12T21:00:00+00:00,2025-06-11T18:00:00-04:00,2025-06-12T17:00:00-04:00,False,False,,1380,390,1380,1380,0,0,0,0,0,0,1,MNQM5,0,,,0,pass,True,none,
2025-06-13,validation,True,2025-06-12T22:00:00+00:00,2025-06-13T21:00:00+00:00,2025-06-12T18:00:00-04:00,2025-06-13T17:00:00-04:00,False,False,,1380,390,1380,1380,0,0,0,0,0,0,1,MNQM5,0,,,0,pass,True,none,
2025-06-16,validation,True,2025-06-15T22:00:00+00:00,2025-06-16T21:00:00+00:00,2025-06-15T18:00:00-04:00,2025-06-16T17:00:00-04:00,False,False,,1380,390,1380,1380,0,0,0,0,0,0,1,MNQM5,0,,,0,pass,True,none,
2025-06-17,validation,True,2025-06-16T22:00:00+00:00,2025-06-17T21:00:00+00:00,2025-06-16T18:00:00-04:00,2025-06-17T17:00:00-04:00,False,False,,1380,390,1380,1380,0,0,0,0,0,0,1,MNQM5,0,,,0,pass,True,none,
2025-06-18,validation,True,2025-06-17T22:00:00+00:00,2025-06-18T21:00:00+00:00,2025-06-17T18:00:00-04:00,2025-06-18T17:00:00-04:00,False,False,,1380,390,1380,1380,0,0,0,0,0,0,2,MNQM5|MNQU5,1,,,0,excluded,False,high,multiple_contracts_within_session|roll_boundary_session
2025-06-19,validation,True,2025-06-18T22:00:00+00:00,2025-06-19T17:00:00+00:00,2025-06-18T18:00:00-04:00,2025-06-19T13:00:00-04:00,True,False,,1140,210,1140,1140,0,0,0,0,0,0,1,MNQU5,0,,,0,pass,True,none,
2025-06-20,validation,True,2025-06-19T22:00:00+00:00,2025-06-20T21:00:00+00:00,2025-06-19T18:00:00-04:00,2025-06-20T17:00:00-04:00,False,False,,1380,390,1380,1380,0,0,0,0,0,0,1,MNQU5,0,,,0,pass,True,none,
2025-06-23,validation,True,2025-06-22T22:00:00+00:00,2025-06-23T21:00:00+00:00,2025-06-22T18:00:00-04:00,2025-06-23T17:00:00-04:00,False,False,,1380,390,1380,1380,0,0,0,0,0,0,1,MNQU5,0,,,0,pass,True,none,
2025-06-24,validation,True,2025-06-23T22:00:00+00:00,2025-06-24T21:00:00+00:00,2025-06-23T18:00:00-04:00,2025-06-24T17:00:00-04:00,False,False,,1380,390,1380,1380,0,0,0,0,0,0,1,MNQU5,0,,,0,pass,True,none,
2025-06-25,validation,True,2025-06-24T22:00:00+00:00,2025-06-25T21:00:00+00:00,2025-06-24T18:00:00-04:00,2025-06-25T17:00:00-04:00,False,False,,1380,390,1380,1380,0,0,0,0,0,0,1,MNQU5,0,,,0,pass,True,none,
2025-06-26,validation,True,2025-06-25T22:00:00+00:00,2025-06-26T21:00:00+00:00,2025-06-25T18:00:00-04:00,2025-06-26T17:00:00-04:00,False,False,,1380,390,1380,1380,0,0,0,0,0,0,1,MNQU5,0,,,0,pass,True,none,
2025-06-27,validation,True,2025-06-26T22:00:00+00:00,2025-06-27T21:00:00+00:00,2025-06-26T18:00:00-04:00,2025-06-27T17:00:00-04:00,False,False,,1380,390,1380,1380,0,0,0,0,0,0,1,MNQU5,0,,,0,pass,True,none,
2025-06-30,validation,True,2025-06-29T22:00:00+00:00,2025-06-30T21:00:00+00:00,2025-06-29T18:00:00-04:00,2025-06-30T17:00:00-04:00,False,False,,1380,390,1380,1380,0,0,0,0,0,0,1,MNQU5,0,,,0,pass,True,none,
2025-07-01,validation,True,2025-06-30T22:00:00+00:00,2025-07-01T21:00:00+00:00,2025-06-30T18:00:00-04:00,2025-07-01T17:00:00-04:00,False,False,,1380,390,1380,1380,0,0,0,0,0,0,1,MNQU5,0,,,0,pass,True,none,
2025-07-02,validation,True,2025-07-01T22:00:00+00:00,2025-07-02T21:00:00+00:00,2025-07-01T18:00:00-04:00,2025-07-02T17:00:00-04:00,False,False,,1380,390,1380,1380,0,0,0,0,0,0,1,MNQU5,0,,,0,pass,True,none,
2025-07-03,validation,True,2025-07-02T22:00:00+00:00,2025-07-03T17:15:00+00:00,2025-07-02T18:00:00-04:00,2025-07-03T13:15:00-04:00,True,False,,1155,225,1155,1155,0,0,0,0,0,0,1,MNQU5,0,,,0,pass,True,none,
2025-07-04,validation,True,2025-07-03T22:00:00+00:00,2025-07-04T17:00:00+00:00,2025-07-03T18:00:00-04:00,2025-07-04T13:00:00-04:00,True,False,,1140,210,1140,1140,0,0,0,0,0,0,1,MNQU5,0,,,0,pass,True,none,
2025-07-07,validation,True,2025-07-06T22:00:00+00:00,2025-07-07T21:00:00+00:00,2025-07-06T18:00:00-04:00,2025-07-07T17:00:00-04:00,False,False,,1380,390,1380,1380,0,0,0,0,0,0,1,MNQU5,0,,,0,pass,True,none,
2025-07-08,validation,True,2025-07-07T22:00:00+00:00,2025-07-08T21:00:00+00:00,2025-07-07T18:00:00-04:00,2025-07-08T17:00:00-04:00,False,False,,1380,390,1380,1380,0,0,0,0,0,0,1,MNQU5,0,,,0,pass,True,none,
2025-07-09,validation,True,2025-07-08T22:00:00+00:00,2025-07-09T21:00:00+00:00,2025-07-08T18:00:00-04:00,2025-07-09T17:00:00-04:00,False,False,,1380,390,1380,1380,0,0,0,0,0,0,1,MNQU5,0,,,0,pass,True,none,
2025-07-10,validation,True,2025-07-09T22:00:00+00:00,2025-07-10T21:00:00+00:00,2025-07-09T18:00:00-04:00,2025-07-10T17:00:00-04:00,False,False,,1380,390,1380,1380,0,0,0,0,0,0,1,MNQU5,0,,,0,pass,True,none,
2025-07-11,validation,True,2025-07-10T22:00:00+00:00,2025-07-11T21:00:00+00:00,2025-07-10T18:00:00-04:00,2025-07-11T17:00:00-04:00,False,False,,1380,390,1380,1380,0,0,0,0,0,0,1,MNQU5,0,,,0,pass,True,none,
2025-07-14,validation,True,2025-07-13T22:00:00+00:00,2025-07-14T21:00:00+00:00,2025-07-13T18:00:00-04:00,2025-07-14T17:00:00-04:00,False,False,,1380,390,1380,1380,0,0,0,0,0,0,1,MNQU5,0,,,0,pass,True,none,
2025-07-15,validation,True,2025-07-14T22:00:00+00:00,2025-07-15T21:00:00+00:00,2025-07-14T18:00:00-04:00,2025-07-15T17:00:00-04:00,False,False,,1380,390,1380,1380,0,0,0,0,0,0,1,MNQU5,0,,,0,pass,True,none,
2025-07-16,validation,True,2025-07-15T22:00:00+00:00,2025-07-16T21:00:00+00:00,2025-07-15T18:00:00-04:00,2025-07-16T17:00:00-04:00,False,False,,1380,390,1380,1380,0,0,0,0,0,0,1,MNQU5,0,,,0,pass,True,none,
2025-07-17,validation,True,2025-07-16T22:00:00+00:00,2025-07-17T21:00:00+00:00,2025-07-16T18:00:00-04:00,2025-07-17T17:00:00-04:00,False,False,,1380,390,1380,1380,0,0,0,0,0,0,1,MNQU5,0,,,0,pass,True,none,
2025-07-18,validation,True,2025-07-17T22:00:00+00:00,2025-07-18T21:00:00+00:00,2025-07-17T18:00:00-04:00,2025-07-18T17:00:00-04:00,False,False,,1380,390,1380,1380,0,0,0,0,0,0,1,MNQU5,0,,,0,pass,True,none,
2025-07-21,validation,True,2025-07-20T22:00:00+00:00,2025-07-21T21:00:00+00:00,2025-07-20T18:00:00-04:00,2025-07-21T17:00:00-04:00,False,False,,1380,390,1380,1380,0,0,0,0,0,0,1,MNQU5,0,,,0,pass,True,none,
2025-07-22,validation,True,2025-07-21T22:00:00+00:00,2025-07-22T21:00:00+00:00,2025-07-21T18:00:00-04:00,2025-07-22T17:00:00-04:00,False,False,,1380,390,1380,1380,0,0,0,0,0,0,1,MNQU5,0,,,0,pass,True,none,
2025-07-23,validation,True,2025-07-22T22:00:00+00:00,2025-07-23T21:00:00+00:00,2025-07-22T18:00:00-04:00,2025-07-23T17:00:00-04:00,False,False,,1380,390,1380,1380,0,0,0,0,0,0,1,MNQU5,0,,,0,pass,True,none,
2025-07-24,validation,True,2025-07-23T22:00:00+00:00,2025-07-24T21:00:00+00:00,2025-07-23T18:00:00-04:00,2025-07-24T17:00:00-04:00,False,False,,1380,390,1380,1380,0,0,0,0,0,0,1,MNQU5,0,,,0,pass,True,none,
2025-07-25,validation,True,2025-07-24T22:00:00+00:00,2025-07-25T21:00:00+00:00,2025-07-24T18:00:00-04:00,2025-07-25T17:00:00-04:00,False,False,,1380,390,1380,1380,0,0,0,0,0,0,1,MNQU5,0,,,0,pass,True,none,
2025-07-28,final_untouched_test,True,2025-07-27T22:00:00+00:00,2025-07-28T21:00:00+00:00,2025-07-27T18:00:00-04:00,2025-07-28T17:00:00-04:00,False,False,,1380,390,1380,1380,0,0,0,0,0,0,1,MNQU5,0,,,0,pass,True,none,
2025-07-29,final_untouched_test,True,2025-07-28T22:00:00+00:00,2025-07-29T21:00:00+00:00,2025-07-28T18:00:00-04:00,2025-07-29T17:00:00-04:00,False,False,,1380,390,1380,1380,0,0,0,0,0,0,1,MNQU5,0,,,0,pass,True,none,
2025-07-30,final_untouched_test,True,2025-07-29T22:00:00+00:00,2025-07-30T21:00:00+00:00,2025-07-29T18:00:00-04:00,2025-07-30T17:00:00-04:00,False,False,,1380,390,1380,1380,0,0,0,0,0,0,1,MNQU5,0,,,0,pass,True,none,
2025-07-31,final_untouched_test,True,2025-07-30T22:00:00+00:00,2025-07-31T21:00:00+00:00,2025-07-30T18:00:00-04:00,2025-07-31T17:00:00-04:00,False,False,,1380,390,1380,1380,0,0,0,0,0,0,1,MNQU5,0,,,0,pass,True,none,
2025-08-01,final_untouched_test,True,2025-07-31T22:00:00+00:00,2025-08-01T21:00:00+00:00,2025-07-31T18:00:00-04:00,2025-08-01T17:00:00-04:00,False,False,,1380,390,1380,1380,0,0,0,0,0,0,1,MNQU5,0,,,0,pass,True,none,
2025-08-04,final_untouched_test,True,2025-08-03T22:00:00+00:00,2025-08-04T21:00:00+00:00,2025-08-03T18:00:00-04:00,2025-08-04T17:00:00-04:00,False,False,,1380,390,1380,1380,0,0,0,0,0,0,1,MNQU5,0,,,0,pass,True,none,
2025-08-05,final_untouched_test,True,2025-08-04T22:00:00+00:00,2025-08-05T21:00:00+00:00,2025-08-04T18:00:00-04:00,2025-08-05T17:00:00-04:00,False,False,,1380,390,1380,1380,0,0,0,0,0,0,1,MNQU5,0,,,0,pass,True,none,
2025-08-06,final_untouched_test,True,2025-08-05T22:00:00+00:00,2025-08-06T21:00:00+00:00,2025-08-05T18:00:00-04:00,2025-08-06T17:00:00-04:00,False,False,,1380,390,1380,1380,0,0,0,0,0,0,1,MNQU5,0,,,0,pass,True,none,
2025-08-07,final_untouched_test,True,2025-08-06T22:00:00+00:00,2025-08-07T21:00:00+00:00,2025-08-06T18:00:00-04:00,2025-08-07T17:00:00-04:00,False,False,,1380,390,1380,1380,0,0,0,0,0,0,1,MNQU5,0,,,0,pass,True,none,
2025-08-08,final_untouched_test,True,2025-08-07T22:00:00+00:00,2025-08-08T21:00:00+00:00,2025-08-07T18:00:00-04:00,2025-08-08T17:00:00-04:00,False,False,,1380,390,1380,1380,0,0,0,0,0,0,1,MNQU5,0,,,0,pass,True,none,
2025-08-11,final_untouched_test,True,2025-08-10T22:00:00+00:00,2025-08-11T21:00:00+00:00,2025-08-10T18:00:00-04:00,2025-08-11T17:00:00-04:00,False,False,,1380,390,1380,1380,0,0,0,0,0,0,1,MNQU5,0,,,0,pass,True,none,
2025-08-12,final_untouched_test,True,2025-08-11T22:00:00+00:00,2025-08-12T21:00:00+00:00,2025-08-11T18:00:00-04:00,2025-08-12T17:00:00-04:00,False,False,,1380,390,1380,1380,0,0,0,0,0,0,1,MNQU5,0,,,0,pass,True,none,
2025-08-13,final_untouched_test,True,2025-08-12T22:00:00+00:00,2025-08-13T21:00:00+00:00,2025-08-12T18:00:00-04:00,2025-08-13T17:00:00-04:00,False,False,,1380,390,1380,1380,0,0,0,0,0,0,1,MNQU5,0,,,0,pass,True,none,
2025-08-14,final_untouched_test,True,2025-08-13T22:00:00+00:00,2025-08-14T21:00:00+00:00,2025-08-13T18:00:00-04:00,2025-08-14T17:00:00-04:00,False,False,,1380,390,1380,1380,0,0,0,0,0,0,1,MNQU5,0,,,0,pass,True,none,
2025-08-15,final_untouched_test,True,2025-08-14T22:00:00+00:00,2025-08-15T21:00:00+00:00,2025-08-14T18:00:00-04:00,2025-08-15T17:00:00-04:00,False,False,,1380,390,1380,1380,0,0,0,0,0,0,1,MNQU5,0,,,0,pass,True,none,
2025-08-18,final_untouched_test,True,2025-08-17T22:00:00+00:00,2025-08-18T21:00:00+00:00,2025-08-17T18:00:00-04:00,2025-08-18T17:00:00-04:00,False,False,,1380,390,1380,1380,0,0,0,0,0,0,1,MNQU5,0,,,0,pass,True,none,
2025-08-19,final_untouched_test,True,2025-08-18T22:00:00+00:00,2025-08-19T21:00:00+00:00,2025-08-18T18:00:00-04:00,2025-08-19T17:00:00-04:00,False,False,,1380,390,1380,1380,0,0,0,0,0,0,1,MNQU5,0,,,0,pass,True,none,
2025-08-20,final_untouched_test,True,2025-08-19T22:00:00+00:00,2025-08-20T21:00:00+00:00,2025-08-19T18:00:00-04:00,2025-08-20T17:00:00-04:00,False,False,,1380,390,1380,1380,0,0,0,0,0,0,1,MNQU5,0,,,0,pass,True,none,
2025-08-21,final_untouched_test,True,2025-08-20T22:00:00+00:00,2025-08-21T21:00:00+00:00,2025-08-20T18:00:00-04:00,2025-08-21T17:00:00-04:00,False,False,,1380,390,1380,1380,0,0,0,0,0,0,1,MNQU5,0,,,0,pass,True,none,
2025-08-22,final_untouched_test,True,2025-08-21T22:00:00+00:00,2025-08-22T21:00:00+00:00,2025-08-21T18:00:00-04:00,2025-08-22T17:00:00-04:00,False,False,,1380,390,1380,1380,0,0,0,0,0,0,1,MNQU5,0,,,0,pass,True,none,
2025-08-25,final_untouched_test,True,2025-08-24T22:00:00+00:00,2025-08-25T21:00:00+00:00,2025-08-24T18:00:00-04:00,2025-08-25T17:00:00-04:00,False,False,,1380,390,1380,1380,0,0,0,0,0,0,1,MNQU5,0,,,0,pass,True,none,
2025-08-26,final_untouched_test,True,2025-08-25T22:00:00+00:00,2025-08-26T21:00:00+00:00,2025-08-25T18:00:00-04:00,2025-08-26T17:00:00-04:00,False,False,,1380,390,1380,1380,0,0,0,0,0,0,1,MNQU5,0,,,0,pass,True,none,
2025-08-27,final_untouched_test,True,2025-08-26T22:00:00+00:00,2025-08-27T21:00:00+00:00,2025-08-26T18:00:00-04:00,2025-08-27T17:00:00-04:00,False,False,,1380,390,1380,1380,0,0,0,0,0,0,1,MNQU5,0,,,0,pass,True,none,
2025-08-28,final_untouched_test,True,2025-08-27T22:00:00+00:00,2025-08-28T21:00:00+00:00,2025-08-27T18:00:00-04:00,2025-08-28T17:00:00-04:00,False,False,,1380,390,1380,1380,0,0,0,0,0,0,1,MNQU5,0,,,0,pass,True,none,
2025-08-29,final_untouched_test,True,2025-08-28T22:00:00+00:00,2025-08-29T21:00:00+00:00,2025-08-28T18:00:00-04:00,2025-08-29T17:00:00-04:00,False,False,,1380,390,1380,1380,0,0,0,0,0,0,1,MNQU5,0,,,0,pass,True,none,
2025-09-01,final_untouched_test,True,2025-08-31T22:00:00+00:00,2025-09-01T17:00:00+00:00,2025-08-31T18:00:00-04:00,2025-09-01T13:00:00-04:00,True,False,,1140,210,1140,1140,0,0,0,0,0,0,1,MNQU5,0,,,0,pass,True,none,
2025-09-02,final_untouched_test,True,2025-09-01T22:00:00+00:00,2025-09-02T21:00:00+00:00,2025-09-01T18:00:00-04:00,2025-09-02T17:00:00-04:00,False,False,,1380,390,1380,1380,0,0,0,0,0,0,1,MNQU5,0,,,0,pass,True,none,
2025-09-03,final_untouched_test,True,2025-09-02T22:00:00+00:00,2025-09-03T21:00:00+00:00,2025-09-02T18:00:00-04:00,2025-09-03T17:00:00-04:00,False,False,,1380,390,1380,1380,0,0,0,0,0,0,1,MNQU5,0,,,0,pass,True,none,
2025-09-04,final_untouched_test,True,2025-09-03T22:00:00+00:00,2025-09-04T21:00:00+00:00,2025-09-03T18:00:00-04:00,2025-09-04T17:00:00-04:00,False,False,,1380,390,1380,1380,0,0,0,0,0,0,1,MNQU5,0,,,0,pass,True,none,
2025-09-05,final_untouched_test,True,2025-09-04T22:00:00+00:00,2025-09-05T21:00:00+00:00,2025-09-04T18:00:00-04:00,2025-09-05T17:00:00-04:00,False,False,,1380,390,1380,1380,0,0,0,0,0,0,1,MNQU5,0,,,0,pass,True,none,
2025-09-08,final_untouched_test,True,2025-09-07T22:00:00+00:00,2025-09-08T21:00:00+00:00,2025-09-07T18:00:00-04:00,2025-09-08T17:00:00-04:00,False,False,,1380,390,1380,1380,0,0,0,0,0,0,1,MNQU5,0,,,0,pass,True,none,
2025-09-09,final_untouched_test,True,2025-09-08T22:00:00+00:00,2025-09-09T21:00:00+00:00,2025-09-08T18:00:00-04:00,2025-09-09T17:00:00-04:00,False,False,,1380,390,1380,1380,0,0,0,0,0,0,1,MNQU5,0,,,0,pass,True,none,
2025-09-10,final_untouched_test,True,2025-09-09T22:00:00+00:00,2025-09-10T21:00:00+00:00,2025-09-09T18:00:00-04:00,2025-09-10T17:00:00-04:00,False,False,,1380,390,1380,1380,0,0,0,0,0,0,1,MNQU5,0,,,0,pass,True,none,
2025-09-11,final_untouched_test,True,2025-09-10T22:00:00+00:00,2025-09-11T21:00:00+00:00,2025-09-10T18:00:00-04:00,2025-09-11T17:00:00-04:00,False,False,,1380,390,1380,1380,0,0,0,0,0,0,1,MNQU5,0,,,0,pass,True,none,
2025-09-12,final_untouched_test,True,2025-09-11T22:00:00+00:00,2025-09-12T21:00:00+00:00,2025-09-11T18:00:00-04:00,2025-09-12T17:00:00-04:00,False,False,,1380,390,1380,1380,0,0,0,0,0,0,1,MNQU5,0,,,0,pass,True,none,
2025-09-15,final_untouched_test,True,2025-09-14T22:00:00+00:00,2025-09-15T21:00:00+00:00,2025-09-14T18:00:00-04:00,2025-09-15T17:00:00-04:00,False,False,,1380,390,1380,1380,0,0,0,0,0,0,1,MNQU5,0,,,0,pass,True,none,
2025-09-16,final_untouched_test,True,2025-09-15T22:00:00+00:00,2025-09-16T21:00:00+00:00,2025-09-15T18:00:00-04:00,2025-09-16T17:00:00-04:00,False,False,,1380,390,1380,1380,0,0,0,0,0,0,1,MNQU5,0,,,0,pass,True,none,
2025-09-17,final_untouched_test,True,2025-09-16T22:00:00+00:00,2025-09-17T21:00:00+00:00,2025-09-16T18:00:00-04:00,2025-09-17T17:00:00-04:00,False,False,,1380,390,1379,1379,1,0,0,0,0,0,1,MNQU5,0,2025-09-17T03:59:00+00:00,2025-09-17T03:59:00+00:00,1,excluded,False,high,missing_expected_minutes
2025-09-18,final_untouched_test,True,2025-09-17T22:00:00+00:00,2025-09-18T21:00:00+00:00,2025-09-17T18:00:00-04:00,2025-09-18T17:00:00-04:00,False,False,,1380,390,1380,1380,0,0,0,0,0,0,2,MNQU5|MNQZ5,1,,,0,excluded,False,high,multiple_contracts_within_session|roll_boundary_session
2025-09-19,final_untouched_test,True,2025-09-18T22:00:00+00:00,2025-09-19T21:00:00+00:00,2025-09-18T18:00:00-04:00,2025-09-19T17:00:00-04:00,False,False,,1380,390,1380,1380,0,0,0,0,0,0,1,MNQZ5,0,,,0,pass,True,none,
2025-09-22,final_untouched_test,True,2025-09-21T22:00:00+00:00,2025-09-22T21:00:00+00:00,2025-09-21T18:00:00-04:00,2025-09-22T17:00:00-04:00,False,False,,1380,390,1380,1380,0,0,0,0,0,0,1,MNQZ5,0,,,0,pass,True,none,
2025-09-23,final_untouched_test,True,2025-09-22T22:00:00+00:00,2025-09-23T21:00:00+00:00,2025-09-22T18:00:00-04:00,2025-09-23T17:00:00-04:00,False,False,,1380,390,1380,1380,0,0,0,0,0,0,1,MNQZ5,0,,,0,pass,True,none,
2025-09-24,final_untouched_test,True,2025-09-23T22:00:00+00:00,2025-09-24T21:00:00+00:00,2025-09-23T18:00:00-04:00,2025-09-24T17:00:00-04:00,False,False,,1380,390,1380,1380,0,0,0,0,0,0,1,MNQZ5,0,,,0,pass,True,none,
2025-09-25,final_untouched_test,True,2025-09-24T22:00:00+00:00,2025-09-25T21:00:00+00:00,2025-09-24T18:00:00-04:00,2025-09-25T17:00:00-04:00,False,False,,1380,390,1380,1380,0,0,0,0,0,0,1,MNQZ5,0,,,0,pass,True,none,
2025-09-26,final_untouched_test,True,2025-09-25T22:00:00+00:00,2025-09-26T21:00:00+00:00,2025-09-25T18:00:00-04:00,2025-09-26T17:00:00-04:00,False,False,,1380,390,1380,1380,0,0,0,0,0,0,1,MNQZ5,0,,,0,pass,True,none,
2025-09-29,final_untouched_test,True,2025-09-28T22:00:00+00:00,2025-09-29T21:00:00+00:00,2025-09-28T18:00:00-04:00,2025-09-29T17:00:00-04:00,False,False,,1380,390,1380,1380,0,0,0,0,0,0,1,MNQZ5,0,,,0,pass,True,none,
2025-09-30,final_untouched_test,True,2025-09-29T22:00:00+00:00,2025-09-30T21:00:00+00:00,2025-09-29T18:00:00-04:00,2025-09-30T17:00:00-04:00,False,False,,1380,390,1380,1380,0,0,0,0,0,0,1,MNQZ5,0,,,0,pass,True,none,
2025-10-01,final_untouched_test,True,2025-09-30T22:00:00+00:00,2025-10-01T21:00:00+00:00,2025-09-30T18:00:00-04:00,2025-10-01T17:00:00-04:00,False,False,,1380,390,1380,1380,0,0,0,0,0,0,1,MNQZ5,0,,,0,pass,True,none,
2025-10-02,final_untouched_test,True,2025-10-01T22:00:00+00:00,2025-10-02T21:00:00+00:00,2025-10-01T18:00:00-04:00,2025-10-02T17:00:00-04:00,False,False,,1380,390,1380,1380,0,0,0,0,0,0,1,MNQZ5,0,,,0,pass,True,none,
2025-10-03,final_untouched_test,True,2025-10-02T22:00:00+00:00,2025-10-03T21:00:00+00:00,2025-10-02T18:00:00-04:00,2025-10-03T17:00:00-04:00,False,False,,1380,390,1380,1380,0,0,0,0,0,0,1,MNQZ5,0,,,0,pass,True,none,
2025-10-06,final_untouched_test,True,2025-10-05T22:00:00+00:00,2025-10-06T21:00:00+00:00,2025-10-05T18:00:00-04:00,2025-10-06T17:00:00-04:00,False,False,,1380,390,1380,1380,0,0,0,0,0,0,1,MNQZ5,0,,,0,pass,True,none,
2025-10-07,final_untouched_test,True,2025-10-06T22:00:00+00:00,2025-10-07T21:00:00+00:00,2025-10-06T18:00:00-04:00,2025-10-07T17:00:00-04:00,False,False,,1380,390,1380,1380,0,0,0,0,0,0,1,MNQZ5,0,,,0,pass,True,none,
2025-10-08,final_untouched_test,True,2025-10-07T22:00:00+00:00,2025-10-08T21:00:00+00:00,2025-10-07T18:00:00-04:00,2025-10-08T17:00:00-04:00,False,False,,1380,390,1380,1380,0,0,0,0,0,0,1,MNQZ5,0,,,0,pass,True,none,
2025-10-09,final_untouched_test,True,2025-10-08T22:00:00+00:00,2025-10-09T21:00:00+00:00,2025-10-08T18:00:00-04:00,2025-10-09T17:00:00-04:00,False,False,,1380,390,1380,1380,0,0,0,0,0,0,1,MNQZ5,0,,,0,pass,True,none,
2025-10-10,final_untouched_test,True,2025-10-09T22:00:00+00:00,2025-10-10T21:00:00+00:00,2025-10-09T18:00:00-04:00,2025-10-10T17:00:00-04:00,False,False,,1380,390,1380,1380,0,0,0,0,0,0,1,MNQZ5,0,,,0,pass,True,none,
2025-10-13,final_untouched_test,True,2025-10-12T22:00:00+00:00,2025-10-13T21:00:00+00:00,2025-10-12T18:00:00-04:00,2025-10-13T17:00:00-04:00,False,False,,1380,390,1380,1380,0,0,0,0,0,0,1,MNQZ5,0,,,0,pass,True,none,
2025-10-14,final_untouched_test,True,2025-10-13T22:00:00+00:00,2025-10-14T21:00:00+00:00,2025-10-13T18:00:00-04:00,2025-10-14T17:00:00-04:00,False,False,,1380,390,1380,1380,0,0,0,0,0,0,1,MNQZ5,0,,,0,pass,True,none,
2025-10-15,final_untouched_test,True,2025-10-14T22:00:00+00:00,2025-10-15T21:00:00+00:00,2025-10-14T18:00:00-04:00,2025-10-15T17:00:00-04:00,False,False,,1380,390,1380,1380,0,0,0,0,0,0,1,MNQZ5,0,,,0,pass,True,none,
2025-10-16,final_untouched_test,True,2025-10-15T22:00:00+00:00,2025-10-16T21:00:00+00:00,2025-10-15T18:00:00-04:00,2025-10-16T17:00:00-04:00,False,False,,1380,390,1380,1380,0,0,0,0,0,0,1,MNQZ5,0,,,0,pass,True,none,
2025-10-17,final_untouched_test,True,2025-10-16T22:00:00+00:00,2025-10-17T21:00:00+00:00,2025-10-16T18:00:00-04:00,2025-10-17T17:00:00-04:00,False,False,,1380,390,1380,1380,0,0,0,0,0,0,1,MNQZ5,0,,,0,pass,True,none,
2025-10-20,final_untouched_test,True,2025-10-19T22:00:00+00:00,2025-10-20T21:00:00+00:00,2025-10-19T18:00:00-04:00,2025-10-20T17:00:00-04:00,False,False,,1380,390,1380,1380,0,0,0,0,0,0,1,MNQZ5,0,,,0,pass,True,none,
2025-10-21,final_untouched_test,True,2025-10-20T22:00:00+00:00,2025-10-21T21:00:00+00:00,2025-10-20T18:00:00-04:00,2025-10-21T17:00:00-04:00,False,False,,1380,390,1380,1380,0,0,0,0,0,0,1,MNQZ5,0,,,0,pass,True,none,
2025-10-22,final_untouched_test,True,2025-10-21T22:00:00+00:00,2025-10-22T21:00:00+00:00,2025-10-21T18:00:00-04:00,2025-10-22T17:00:00-04:00,False,False,,1380,390,1380,1380,0,0,0,0,0,0,1,MNQZ5,0,,,0,pass,True,none,
2025-10-23,final_untouched_test,True,2025-10-22T22:00:00+00:00,2025-10-23T21:00:00+00:00,2025-10-22T18:00:00-04:00,2025-10-23T17:00:00-04:00,False,False,,1380,390,1380,1380,0,0,0,0,0,0,1,MNQZ5,0,,,0,pass,True,none,
2025-10-24,final_untouched_test,True,2025-10-23T22:00:00+00:00,2025-10-24T21:00:00+00:00,2025-10-23T18:00:00-04:00,2025-10-24T17:00:00-04:00,False,False,,1380,390,1380,1380,0,0,0,0,0,0,1,MNQZ5,0,,,0,pass,True,none,
2025-10-27,final_untouched_test,True,2025-10-26T22:00:00+00:00,2025-10-27T21:00:00+00:00,2025-10-26T18:00:00-04:00,2025-10-27T17:00:00-04:00,False,False,,1380,390,1380,1380,0,0,0,0,0,0,1,MNQZ5,0,,,0,pass,True,none,
2025-10-28,final_untouched_test,True,2025-10-27T22:00:00+00:00,2025-10-28T21:00:00+00:00,2025-10-27T18:00:00-04:00,2025-10-28T17:00:00-04:00,False,False,,1380,390,1380,1380,0,0,0,0,0,0,1,MNQZ5,0,,,0,pass,True,none,
2025-10-29,final_untouched_test,True,2025-10-28T22:00:00+00:00,2025-10-29T21:00:00+00:00,2025-10-28T18:00:00-04:00,2025-10-29T17:00:00-04:00,False,False,,1380,390,1380,1380,0,0,0,0,0,0,1,MNQZ5,0,,,0,pass,True,none,
2025-10-30,final_untouched_test,True,2025-10-29T22:00:00+00:00,2025-10-30T21:00:00+00:00,2025-10-29T18:00:00-04:00,2025-10-30T17:00:00-04:00,False,False,,1380,390,1380,1380,0,0,0,0,0,0,1,MNQZ5,0,,,0,pass,True,none,
2025-10-31,final_untouched_test,True,2025-10-30T22:00:00+00:00,2025-10-31T21:00:00+00:00,2025-10-30T18:00:00-04:00,2025-10-31T17:00:00-04:00,False,False,,1380,390,1380,1380,0,0,0,0,0,0,1,MNQZ5,0,,,0,pass,True,none,
2025-11-03,final_untouched_test,True,2025-11-02T23:00:00+00:00,2025-11-03T22:00:00+00:00,2025-11-02T18:00:00-05:00,2025-11-03T17:00:00-05:00,False,False,,1380,390,1379,1379,1,0,0,0,0,0,1,MNQZ5,0,2025-11-03T01:25:00+00:00,2025-11-03T01:25:00+00:00,1,excluded,False,high,missing_expected_minutes
2025-11-04,final_untouched_test,True,2025-11-03T23:00:00+00:00,2025-11-04T22:00:00+00:00,2025-11-03T18:00:00-05:00,2025-11-04T17:00:00-05:00,False,False,,1380,390,1378,1378,2,2,0,0,0,0,1,MNQZ5,0,2025-11-04T15:54:00+00:00,2025-11-04T18:32:00+00:00,1,excluded,False,high,missing_expected_minutes
2025-11-05,final_untouched_test,True,2025-11-04T23:00:00+00:00,2025-11-05T22:00:00+00:00,2025-11-04T18:00:00-05:00,2025-11-05T17:00:00-05:00,False,False,,1380,390,1380,1380,0,0,0,0,0,0,1,MNQZ5,0,,,0,pass,True,none,
2025-11-06,final_untouched_test,True,2025-11-05T23:00:00+00:00,2025-11-06T22:00:00+00:00,2025-11-05T18:00:00-05:00,2025-11-06T17:00:00-05:00,False,False,,1380,390,1380,1380,0,0,0,0,0,0,1,MNQZ5,0,,,0,pass,True,none,
2025-11-07,final_untouched_test,True,2025-11-06T23:00:00+00:00,2025-11-07T22:00:00+00:00,2025-11-06T18:00:00-05:00,2025-11-07T17:00:00-05:00,False,False,,1380,390,1380,1380,0,0,0,0,0,0,1,MNQZ5,0,,,0,pass,True,none,
2025-11-10,final_untouched_test,True,2025-11-09T23:00:00+00:00,2025-11-10T22:00:00+00:00,2025-11-09T18:00:00-05:00,2025-11-10T17:00:00-05:00,False,False,,1380,390,1380,1380,0,0,0,0,0,0,1,MNQZ5,0,,,0,pass,True,none,
2025-11-11,final_untouched_test,True,2025-11-10T23:00:00+00:00,2025-11-11T22:00:00+00:00,2025-11-10T18:00:00-05:00,2025-11-11T17:00:00-05:00,False,False,,1380,390,1380,1380,0,0,0,0,0,0,1,MNQZ5,0,,,0,pass,True,none,
2025-11-12,final_untouched_test,True,2025-11-11T23:00:00+00:00,2025-11-12T22:00:00+00:00,2025-11-11T18:00:00-05:00,2025-11-12T17:00:00-05:00,False,False,,1380,390,1380,1380,0,0,0,0,0,0,1,MNQZ5,0,,,0,pass,True,none,
2025-11-13,final_untouched_test,True,2025-11-12T23:00:00+00:00,2025-11-13T22:00:00+00:00,2025-11-12T18:00:00-05:00,2025-11-13T17:00:00-05:00,False,False,,1380,390,1380,1380,0,0,0,0,0,0,1,MNQZ5,0,,,0,pass,True,none,
2025-11-14,final_untouched_test,True,2025-11-13T23:00:00+00:00,2025-11-14T22:00:00+00:00,2025-11-13T18:00:00-05:00,2025-11-14T17:00:00-05:00,False,False,,1380,390,1380,1380,0,0,0,0,0,0,1,MNQZ5,0,,,0,pass,True,none,
2025-11-17,final_untouched_test,True,2025-11-16T23:00:00+00:00,2025-11-17T22:00:00+00:00,2025-11-16T18:00:00-05:00,2025-11-17T17:00:00-05:00,False,False,,1380,390,1380,1380,0,0,0,0,0,0,1,MNQZ5,0,,,0,pass,True,none,
2025-11-18,final_untouched_test,True,2025-11-17T23:00:00+00:00,2025-11-18T22:00:00+00:00,2025-11-17T18:00:00-05:00,2025-11-18T17:00:00-05:00,False,False,,1380,390,1380,1380,0,0,0,0,0,0,1,MNQZ5,0,,,0,pass,True,none,
2025-11-19,final_untouched_test,True,2025-11-18T23:00:00+00:00,2025-11-19T22:00:00+00:00,2025-11-18T18:00:00-05:00,2025-11-19T17:00:00-05:00,False,False,,1380,390,1380,1380,0,0,0,0,0,0,1,MNQZ5,0,,,0,pass,True,none,
2025-11-20,final_untouched_test,True,2025-11-19T23:00:00+00:00,2025-11-20T22:00:00+00:00,2025-11-19T18:00:00-05:00,2025-11-20T17:00:00-05:00,False,False,,1380,390,1380,1380,0,0,0,0,0,0,1,MNQZ5,0,,,0,pass,True,none,
2025-11-21,final_untouched_test,True,2025-11-20T23:00:00+00:00,2025-11-21T22:00:00+00:00,2025-11-20T18:00:00-05:00,2025-11-21T17:00:00-05:00,False,False,,1380,390,1380,1380,0,0,0,0,0,0,1,MNQZ5,0,,,0,pass,True,none,
2025-11-24,final_untouched_test,True,2025-11-23T23:00:00+00:00,2025-11-24T22:00:00+00:00,2025-11-23T18:00:00-05:00,2025-11-24T17:00:00-05:00,False,False,,1380,390,1380,1380,0,0,0,0,0,0,1,MNQZ5,0,,,0,pass,True,none,
2025-11-25,final_untouched_test,True,2025-11-24T23:00:00+00:00,2025-11-25T22:00:00+00:00,2025-11-24T18:00:00-05:00,2025-11-25T17:00:00-05:00,False,False,,1380,390,1380,1380,0,0,0,0,0,0,1,MNQZ5,0,,,0,pass,True,none,
2025-11-26,final_untouched_test,True,2025-11-25T23:00:00+00:00,2025-11-26T22:00:00+00:00,2025-11-25T18:00:00-05:00,2025-11-26T17:00:00-05:00,False,False,,1380,390,1380,1380,0,0,0,0,0,0,1,MNQZ5,0,,,0,pass,True,none,
2025-11-27,final_untouched_test,True,2025-11-26T23:00:00+00:00,2025-11-27T18:00:00+00:00,2025-11-26T18:00:00-05:00,2025-11-27T13:00:00-05:00,True,False,,1140,210,1140,1140,0,0,0,0,0,0,1,MNQZ5,0,,,0,pass,True,none,
2025-11-28,final_untouched_test,True,2025-11-27T23:00:00+00:00,2025-11-28T18:15:00+00:00,2025-11-27T18:00:00-05:00,2025-11-28T13:15:00-05:00,True,False,,1155,225,510,510,645,0,0,0,0,0,1,MNQZ5,0,2025-11-28T02:45:00+00:00,2025-11-28T13:29:00+00:00,645,excluded,False,high,missing_expected_minutes
2025-12-01,final_untouched_test,True,2025-11-30T23:00:00+00:00,2025-12-01T22:00:00+00:00,2025-11-30T18:00:00-05:00,2025-12-01T17:00:00-05:00,False,False,,1380,390,1380,1380,0,0,0,0,0,0,1,MNQZ5,0,,,0,pass,True,none,
2025-12-02,final_untouched_test,True,2025-12-01T23:00:00+00:00,2025-12-02T22:00:00+00:00,2025-12-01T18:00:00-05:00,2025-12-02T17:00:00-05:00,False,False,,1380,390,1380,1380,0,0,0,0,0,0,1,MNQZ5,0,,,0,pass,True,none,
2025-12-03,final_untouched_test,True,2025-12-02T23:00:00+00:00,2025-12-03T22:00:00+00:00,2025-12-02T18:00:00-05:00,2025-12-03T17:00:00-05:00,False,False,,1380,390,1380,1380,0,0,0,0,0,0,1,MNQZ5,0,,,0,pass,True,none,
2025-12-04,final_untouched_test,True,2025-12-03T23:00:00+00:00,2025-12-04T22:00:00+00:00,2025-12-03T18:00:00-05:00,2025-12-04T17:00:00-05:00,False,False,,1380,390,1380,1380,0,0,0,0,0,0,1,MNQZ5,0,,,0,pass,True,none,
2025-12-05,final_untouched_test,True,2025-12-04T23:00:00+00:00,2025-12-05T22:00:00+00:00,2025-12-04T18:00:00-05:00,2025-12-05T17:00:00-05:00,False,False,,1380,390,1380,1380,0,0,0,0,0,0,1,MNQZ5,0,,,0,pass,True,none,
2025-12-08,final_untouched_test,True,2025-12-07T23:00:00+00:00,2025-12-08T22:00:00+00:00,2025-12-07T18:00:00-05:00,2025-12-08T17:00:00-05:00,False,False,,1380,390,1380,1380,0,0,0,0,0,0,1,MNQZ5,0,,,0,pass,True,none,
2025-12-09,final_untouched_test,True,2025-12-08T23:00:00+00:00,2025-12-09T22:00:00+00:00,2025-12-08T18:00:00-05:00,2025-12-09T17:00:00-05:00,False,False,,1380,390,1380,1380,0,0,0,0,0,0,1,MNQZ5,0,,,0,pass,True,none,
2025-12-10,final_untouched_test,True,2025-12-09T23:00:00+00:00,2025-12-10T22:00:00+00:00,2025-12-09T18:00:00-05:00,2025-12-10T17:00:00-05:00,False,False,,1380,390,1380,1380,0,0,0,0,0,0,1,MNQZ5,0,,,0,pass,True,none,
2025-12-11,final_untouched_test,True,2025-12-10T23:00:00+00:00,2025-12-11T22:00:00+00:00,2025-12-10T18:00:00-05:00,2025-12-11T17:00:00-05:00,False,False,,1380,390,1380,1380,0,0,0,0,0,0,1,MNQZ5,0,,,0,pass,True,none,
2025-12-12,final_untouched_test,True,2025-12-11T23:00:00+00:00,2025-12-12T22:00:00+00:00,2025-12-11T18:00:00-05:00,2025-12-12T17:00:00-05:00,False,False,,1380,390,1380,1380,0,0,0,0,0,0,1,MNQZ5,0,,,0,pass,True,none,
2025-12-15,final_untouched_test,True,2025-12-14T23:00:00+00:00,2025-12-15T22:00:00+00:00,2025-12-14T18:00:00-05:00,2025-12-15T17:00:00-05:00,False,False,,1380,390,1380,1380,0,0,0,0,0,0,1,MNQZ5,0,,,0,pass,True,none,
2025-12-16,final_untouched_test,True,2025-12-15T23:00:00+00:00,2025-12-16T22:00:00+00:00,2025-12-15T18:00:00-05:00,2025-12-16T17:00:00-05:00,False,False,,1380,390,1380,1380,0,0,0,0,0,0,1,MNQZ5,0,,,0,pass,True,none,
2025-12-17,final_untouched_test,True,2025-12-16T23:00:00+00:00,2025-12-17T22:00:00+00:00,2025-12-16T18:00:00-05:00,2025-12-17T17:00:00-05:00,False,False,,1380,390,1380,1380,0,0,0,0,0,0,1,MNQZ5,0,,,0,pass,True,none,
2025-12-18,final_untouched_test,True,2025-12-17T23:00:00+00:00,2025-12-18T22:00:00+00:00,2025-12-17T18:00:00-05:00,2025-12-18T17:00:00-05:00,False,False,,1380,390,1380,1380,0,0,0,0,0,0,2,MNQZ5|MNQH6,1,,,0,excluded,False,high,multiple_contracts_within_session|roll_boundary_session
2025-12-19,final_untouched_test,True,2025-12-18T23:00:00+00:00,2025-12-19T22:00:00+00:00,2025-12-18T18:00:00-05:00,2025-12-19T17:00:00-05:00,False,False,,1380,390,1380,1380,0,0,0,0,0,0,1,MNQH6,0,,,0,pass,True,none,
2025-12-22,final_untouched_test,True,2025-12-21T23:00:00+00:00,2025-12-22T22:00:00+00:00,2025-12-21T18:00:00-05:00,2025-12-22T17:00:00-05:00,False,False,,1380,390,1380,1380,0,0,0,0,0,0,1,MNQH6,0,,,0,pass,True,none,
2025-12-23,final_untouched_test,True,2025-12-22T23:00:00+00:00,2025-12-23T22:00:00+00:00,2025-12-22T18:00:00-05:00,2025-12-23T17:00:00-05:00,False,False,,1380,390,1380,1380,0,0,0,0,0,0,1,MNQH6,0,,,0,pass,True,none,
2025-12-24,final_untouched_test,True,2025-12-23T23:00:00+00:00,2025-12-24T18:15:00+00:00,2025-12-23T18:00:00-05:00,2025-12-24T13:15:00-05:00,True,False,,1155,225,1155,1155,0,0,0,0,0,0,1,MNQH6,0,,,0,pass,True,none,
2025-12-26,final_untouched_test,True,2025-12-25T23:00:00+00:00,2025-12-26T22:00:00+00:00,2025-12-25T18:00:00-05:00,2025-12-26T17:00:00-05:00,False,False,,1380,390,1380,1380,0,0,0,0,0,0,1,MNQH6,0,,,0,pass,True,none,
2025-12-29,final_untouched_test,True,2025-12-28T23:00:00+00:00,2025-12-29T22:00:00+00:00,2025-12-28T18:00:00-05:00,2025-12-29T17:00:00-05:00,False,False,,1380,390,1380,1380,0,0,0,0,0,0,1,MNQH6,0,,,0,pass,True,none,
2025-12-30,final_untouched_test,True,2025-12-29T23:00:00+00:00,2025-12-30T22:00:00+00:00,2025-12-29T18:00:00-05:00,2025-12-30T17:00:00-05:00,False,False,,1380,390,1380,1380,0,0,0,0,0,0,1,MNQH6,0,,,0,pass,True,none,
2025-12-31,final_untouched_test,True,2025-12-30T23:00:00+00:00,2025-12-31T22:00:00+00:00,2025-12-30T18:00:00-05:00,2025-12-31T17:00:00-05:00,False,False,,1380,390,1380,1380,0,0,0,0,0,0,1,MNQH6,0,,,0,pass,True,none,
2026-01-02,final_untouched_test,True,2026-01-01T23:00:00+00:00,2026-01-02T22:00:00+00:00,2026-01-01T18:00:00-05:00,2026-01-02T17:00:00-05:00,False,False,,1380,390,1380,1380,0,0,0,0,0,0,1,MNQH6,0,,,0,pass,True,none,
2026-01-05,final_untouched_test,True,2026-01-04T23:00:00+00:00,2026-01-05T22:00:00+00:00,2026-01-04T18:00:00-05:00,2026-01-05T17:00:00-05:00,False,False,,1380,390,1380,1380,0,0,0,0,0,0,1,MNQH6,0,,,0,pass,True,none,
2026-01-06,final_untouched_test,True,2026-01-05T23:00:00+00:00,2026-01-06T22:00:00+00:00,2026-01-05T18:00:00-05:00,2026-01-06T17:00:00-05:00,False,False,,1380,390,1380,1380,0,0,0,0,0,0,1,MNQH6,0,,,0,pass,True,none,
2026-01-07,final_untouched_test,True,2026-01-06T23:00:00+00:00,2026-01-07T22:00:00+00:00,2026-01-06T18:00:00-05:00,2026-01-07T17:00:00-05:00,False,False,,1380,390,1380,1380,0,0,0,0,0,0,1,MNQH6,0,,,0,pass,True,none,
2026-01-08,final_untouched_test,True,2026-01-07T23:00:00+00:00,2026-01-08T22:00:00+00:00,2026-01-07T18:00:00-05:00,2026-01-08T17:00:00-05:00,False,False,,1380,390,1380,1380,0,0,0,0,0,0,1,MNQH6,0,,,0,pass,True,none,
2026-01-09,final_untouched_test,True,2026-01-08T23:00:00+00:00,2026-01-09T22:00:00+00:00,2026-01-08T18:00:00-05:00,2026-01-09T17:00:00-05:00,False,False,,1380,390,1380,1380,0,0,0,0,0,0,1,MNQH6,0,,,0,pass,True,none,
2026-01-12,final_untouched_test,True,2026-01-11T23:00:00+00:00,2026-01-12T22:00:00+00:00,2026-01-11T18:00:00-05:00,2026-01-12T17:00:00-05:00,False,False,,1380,390,1381,1381,0,0,1,0,0,0,1,MNQH6,0,,,0,excluded,False,high,timestamps_outside_expected_session
2026-01-13,final_untouched_test,True,2026-01-12T23:00:00+00:00,2026-01-13T22:00:00+00:00,2026-01-12T18:00:00-05:00,2026-01-13T17:00:00-05:00,False,False,,1380,390,1380,1380,0,0,0,0,0,0,1,MNQH6,0,,,0,pass,True,none,
2026-01-14,final_untouched_test,True,2026-01-13T23:00:00+00:00,2026-01-14T22:00:00+00:00,2026-01-13T18:00:00-05:00,2026-01-14T17:00:00-05:00,False,False,,1380,390,1380,1380,0,0,0,0,0,0,1,MNQH6,0,,,0,pass,True,none,
2026-01-15,final_untouched_test,True,2026-01-14T23:00:00+00:00,2026-01-15T22:00:00+00:00,2026-01-14T18:00:00-05:00,2026-01-15T17:00:00-05:00,False,False,,1380,390,1380,1380,0,0,0,0,0,0,1,MNQH6,0,,,0,pass,True,none,
2026-01-16,final_untouched_test,True,2026-01-15T23:00:00+00:00,2026-01-16T22:00:00+00:00,2026-01-15T18:00:00-05:00,2026-01-16T17:00:00-05:00,False,False,,1380,390,1380,1380,0,0,0,0,0,0,1,MNQH6,0,,,0,pass,True,none,
2026-01-19,final_untouched_test,True,2026-01-18T23:00:00+00:00,2026-01-19T18:00:00+00:00,2026-01-18T18:00:00-05:00,2026-01-19T13:00:00-05:00,True,False,,1140,210,1140,1140,0,0,0,0,0,0,1,MNQH6,0,,,0,pass,True,none,
2026-01-20,final_untouched_test,True,2026-01-19T23:00:00+00:00,2026-01-20T22:00:00+00:00,2026-01-19T18:00:00-05:00,2026-01-20T17:00:00-05:00,False,False,,1380,390,1380,1380,0,0,0,0,0,0,1,MNQH6,0,,,0,pass,True,none,
2026-01-21,final_untouched_test,True,2026-01-20T23:00:00+00:00,2026-01-21T22:00:00+00:00,2026-01-20T18:00:00-05:00,2026-01-21T17:00:00-05:00,False,False,,1380,390,1380,1380,0,0,0,0,0,0,1,MNQH6,0,,,0,pass,True,none,
2026-01-22,final_untouched_test,True,2026-01-21T23:00:00+00:00,2026-01-22T22:00:00+00:00,2026-01-21T18:00:00-05:00,2026-01-22T17:00:00-05:00,False,False,,1380,390,1380,1380,0,0,0,0,0,0,1,MNQH6,0,,,0,pass,True,none,
2026-01-23,final_untouched_test,True,2026-01-22T23:00:00+00:00,2026-01-23T22:00:00+00:00,2026-01-22T18:00:00-05:00,2026-01-23T17:00:00-05:00,False,False,,1380,390,1380,1380,0,0,0,0,0,0,1,MNQH6,0,,,0,pass,True,none,
2026-01-26,final_untouched_test,True,2026-01-25T23:00:00+00:00,2026-01-26T22:00:00+00:00,2026-01-25T18:00:00-05:00,2026-01-26T17:00:00-05:00,False,False,,1380,390,1380,1380,0,0,0,0,0,0,1,MNQH6,0,,,0,pass,True,none,
2026-01-27,final_untouched_test,True,2026-01-26T23:00:00+00:00,2026-01-27T22:00:00+00:00,2026-01-26T18:00:00-05:00,2026-01-27T17:00:00-05:00,False,False,,1380,390,1380,1380,0,0,0,0,0,0,1,MNQH6,0,,,0,pass,True,none,
2026-01-28,final_untouched_test,True,2026-01-27T23:00:00+00:00,2026-01-28T22:00:00+00:00,2026-01-27T18:00:00-05:00,2026-01-28T17:00:00-05:00,False,False,,1380,390,1380,1380,0,0,0,0,0,0,1,MNQH6,0,,,0,pass,True,none,
2026-01-29,final_untouched_test,True,2026-01-28T23:00:00+00:00,2026-01-29T22:00:00+00:00,2026-01-28T18:00:00-05:00,2026-01-29T17:00:00-05:00,False,False,,1380,390,1380,1380,0,0,0,0,0,0,1,MNQH6,0,,,0,pass,True,none,
2026-01-30,final_untouched_test,True,2026-01-29T23:00:00+00:00,2026-01-30T22:00:00+00:00,2026-01-29T18:00:00-05:00,2026-01-30T17:00:00-05:00,False,False,,1380,390,1380,1380,0,0,0,0,0,0,1,MNQH6,0,,,0,pass,True,none,
2026-02-02,final_untouched_test,True,2026-02-01T23:00:00+00:00,2026-02-02T22:00:00+00:00,2026-02-01T18:00:00-05:00,2026-02-02T17:00:00-05:00,False,False,,1380,390,1380,1380,0,0,0,0,0,0,1,MNQH6,0,,,0,pass,True,none,
2026-02-03,final_untouched_test,True,2026-02-02T23:00:00+00:00,2026-02-03T22:00:00+00:00,2026-02-02T18:00:00-05:00,2026-02-03T17:00:00-05:00,False,False,,1380,390,1380,1380,0,0,0,0,0,0,1,MNQH6,0,,,0,pass,True,none,
2026-02-04,final_untouched_test,True,2026-02-03T23:00:00+00:00,2026-02-04T22:00:00+00:00,2026-02-03T18:00:00-05:00,2026-02-04T17:00:00-05:00,False,False,,1380,390,1380,1380,0,0,0,0,0,0,1,MNQH6,0,,,0,pass,True,none,
2026-02-05,final_untouched_test,True,2026-02-04T23:00:00+00:00,2026-02-05T22:00:00+00:00,2026-02-04T18:00:00-05:00,2026-02-05T17:00:00-05:00,False,False,,1380,390,1380,1380,0,0,0,0,0,0,1,MNQH6,0,,,0,pass,True,none,
2026-02-06,final_untouched_test,True,2026-02-05T23:00:00+00:00,2026-02-06T22:00:00+00:00,2026-02-05T18:00:00-05:00,2026-02-06T17:00:00-05:00,False,False,,1380,390,1380,1380,0,0,0,0,0,0,1,MNQH6,0,,,0,pass,True,none,
2026-02-09,final_untouched_test,True,2026-02-08T23:00:00+00:00,2026-02-09T22:00:00+00:00,2026-02-08T18:00:00-05:00,2026-02-09T17:00:00-05:00,False,False,,1380,390,1380,1380,0,0,0,0,0,0,1,MNQH6,0,,,0,pass,True,none,
2026-02-10,final_untouched_test,True,2026-02-09T23:00:00+00:00,2026-02-10T22:00:00+00:00,2026-02-09T18:00:00-05:00,2026-02-10T17:00:00-05:00,False,False,,1380,390,1380,1380,0,0,0,0,0,0,1,MNQH6,0,,,0,pass,True,none,
2026-02-11,final_untouched_test,True,2026-02-10T23:00:00+00:00,2026-02-11T22:00:00+00:00,2026-02-10T18:00:00-05:00,2026-02-11T17:00:00-05:00,False,False,,1380,390,1380,1380,0,0,0,0,0,0,1,MNQH6,0,,,0,pass,True,none,
2026-02-12,final_untouched_test,True,2026-02-11T23:00:00+00:00,2026-02-12T22:00:00+00:00,2026-02-11T18:00:00-05:00,2026-02-12T17:00:00-05:00,False,False,,1380,390,1380,1380,0,0,0,0,0,0,1,MNQH6,0,,,0,pass,True,none,
2026-02-13,final_untouched_test,True,2026-02-12T23:00:00+00:00,2026-02-13T22:00:00+00:00,2026-02-12T18:00:00-05:00,2026-02-13T17:00:00-05:00,False,False,,1380,390,1380,1380,0,0,0,0,0,0,1,MNQH6,0,,,0,pass,True,none,
2026-02-16,final_untouched_test,True,2026-02-15T23:00:00+00:00,2026-02-16T18:00:00+00:00,2026-02-15T18:00:00-05:00,2026-02-16T13:00:00-05:00,True,False,,1140,210,1140,1140,0,0,0,0,0,0,1,MNQH6,0,,,0,pass,True,none,
2026-02-17,final_untouched_test,True,2026-02-16T23:00:00+00:00,2026-02-17T22:00:00+00:00,2026-02-16T18:00:00-05:00,2026-02-17T17:00:00-05:00,False,False,,1380,390,1380,1380,0,0,0,0,0,0,1,MNQH6,0,,,0,pass,True,none,
2026-02-18,final_untouched_test,True,2026-02-17T23:00:00+00:00,2026-02-18T22:00:00+00:00,2026-02-17T18:00:00-05:00,2026-02-18T17:00:00-05:00,False,False,,1380,390,1380,1380,0,0,0,0,0,0,1,MNQH6,0,,,0,pass,True,none,
2026-02-19,final_untouched_test,True,2026-02-18T23:00:00+00:00,2026-02-19T22:00:00+00:00,2026-02-18T18:00:00-05:00,2026-02-19T17:00:00-05:00,False,False,,1380,390,1380,1380,0,0,0,0,0,0,1,MNQH6,0,,,0,pass,True,none,
2026-02-20,final_untouched_test,True,2026-02-19T23:00:00+00:00,2026-02-20T22:00:00+00:00,2026-02-19T18:00:00-05:00,2026-02-20T17:00:00-05:00,False,False,,1380,390,1380,1380,0,0,0,0,0,0,1,MNQH6,0,,,0,pass,True,none,
2026-02-23,final_untouched_test,True,2026-02-22T23:00:00+00:00,2026-02-23T22:00:00+00:00,2026-02-22T18:00:00-05:00,2026-02-23T17:00:00-05:00,False,False,,1380,390,1380,1380,0,0,0,0,0,0,1,MNQH6,0,,,0,pass,True,none,
2026-02-24,final_untouched_test,True,2026-02-23T23:00:00+00:00,2026-02-24T22:00:00+00:00,2026-02-23T18:00:00-05:00,2026-02-24T17:00:00-05:00,False,False,,1380,390,1380,1380,0,0,0,0,0,0,1,MNQH6,0,,,0,pass,True,none,
2026-02-25,final_untouched_test,True,2026-02-24T23:00:00+00:00,2026-02-25T22:00:00+00:00,2026-02-24T18:00:00-05:00,2026-02-25T17:00:00-05:00,False,False,,1380,390,1380,1380,0,0,0,0,0,0,1,MNQH6,0,,,0,pass,True,none,
2026-02-26,final_untouched_test,True,2026-02-25T23:00:00+00:00,2026-02-26T22:00:00+00:00,2026-02-25T18:00:00-05:00,2026-02-26T17:00:00-05:00,False,False,,1380,390,1380,1380,0,0,0,0,0,0,1,MNQH6,0,,,0,pass,True,none,
2026-02-27,final_untouched_test,True,2026-02-26T23:00:00+00:00,2026-02-27T22:00:00+00:00,2026-02-26T18:00:00-05:00,2026-02-27T17:00:00-05:00,False,False,,1380,390,1380,1380,0,0,0,0,0,0,1,MNQH6,0,,,0,pass,True,none,
2026-03-02,final_untouched_test,True,2026-03-01T23:00:00+00:00,2026-03-02T22:00:00+00:00,2026-03-01T18:00:00-05:00,2026-03-02T17:00:00-05:00,False,False,,1380,390,1380,1380,0,0,0,0,0,0,1,MNQH6,0,,,0,pass,True,none,
2026-03-03,final_untouched_test,True,2026-03-02T23:00:00+00:00,2026-03-03T22:00:00+00:00,2026-03-02T18:00:00-05:00,2026-03-03T17:00:00-05:00,False,False,,1380,390,1380,1380,0,0,0,0,0,0,1,MNQH6,0,,,0,pass,True,none,
2026-03-04,final_untouched_test,True,2026-03-03T23:00:00+00:00,2026-03-04T22:00:00+00:00,2026-03-03T18:00:00-05:00,2026-03-04T17:00:00-05:00,False,False,,1380,390,1380,1380,0,0,0,0,0,0,1,MNQH6,0,,,0,pass,True,none,
2026-03-05,final_untouched_test,True,2026-03-04T23:00:00+00:00,2026-03-05T22:00:00+00:00,2026-03-04T18:00:00-05:00,2026-03-05T17:00:00-05:00,False,False,,1380,390,1380,1380,0,0,0,0,0,0,1,MNQH6,0,,,0,pass,True,none,
2026-03-06,final_untouched_test,True,2026-03-05T23:00:00+00:00,2026-03-06T22:00:00+00:00,2026-03-05T18:00:00-05:00,2026-03-06T17:00:00-05:00,False,False,,1380,390,1380,1380,0,0,0,0,0,0,1,MNQH6,0,,,0,pass,True,none,
2026-03-09,final_untouched_test,True,2026-03-08T22:00:00+00:00,2026-03-09T21:00:00+00:00,2026-03-08T18:00:00-04:00,2026-03-09T17:00:00-04:00,False,False,,1380,390,1380,1380,0,0,0,0,0,0,1,MNQH6,0,,,0,pass,True,none,
2026-03-10,final_untouched_test,True,2026-03-09T22:00:00+00:00,2026-03-10T21:00:00+00:00,2026-03-09T18:00:00-04:00,2026-03-10T17:00:00-04:00,False,False,,1380,390,1380,1380,0,0,0,0,0,0,1,MNQH6,0,,,0,pass,True,none,
2026-03-11,final_untouched_test,True,2026-03-10T22:00:00+00:00,2026-03-11T21:00:00+00:00,2026-03-10T18:00:00-04:00,2026-03-11T17:00:00-04:00,False,False,,1380,390,1380,1380,0,0,0,0,0,0,1,MNQH6,0,,,0,pass,True,none,
2026-03-12,final_untouched_test,True,2026-03-11T22:00:00+00:00,2026-03-12T21:00:00+00:00,2026-03-11T18:00:00-04:00,2026-03-12T17:00:00-04:00,False,False,,1380,390,1380,1380,0,0,0,0,0,0,1,MNQH6,0,,,0,pass,True,none,
2026-03-13,final_untouched_test,True,2026-03-12T22:00:00+00:00,2026-03-13T21:00:00+00:00,2026-03-12T18:00:00-04:00,2026-03-13T17:00:00-04:00,False,False,,1380,390,1380,1380,0,0,0,0,0,0,1,MNQH6,0,,,0,pass,True,none,
2026-03-16,final_untouched_test,True,2026-03-15T22:00:00+00:00,2026-03-16T21:00:00+00:00,2026-03-15T18:00:00-04:00,2026-03-16T17:00:00-04:00,False,False,,1380,390,1380,1380,0,0,0,0,0,0,1,MNQH6,0,,,0,pass,True,none,
2026-03-17,final_untouched_test,True,2026-03-16T22:00:00+00:00,2026-03-17T21:00:00+00:00,2026-03-16T18:00:00-04:00,2026-03-17T17:00:00-04:00,False,False,,1380,390,1380,1380,0,0,0,0,0,0,1,MNQH6,0,,,0,pass,True,none,
2026-03-18,final_untouched_test,True,2026-03-17T22:00:00+00:00,2026-03-18T21:00:00+00:00,2026-03-17T18:00:00-04:00,2026-03-18T17:00:00-04:00,False,False,,1380,390,1380,1380,0,0,0,0,0,0,1,MNQH6,0,,,0,pass,True,none,
2026-03-19,final_untouched_test,True,2026-03-18T22:00:00+00:00,2026-03-19T21:00:00+00:00,2026-03-18T18:00:00-04:00,2026-03-19T17:00:00-04:00,False,False,,1380,390,1380,1380,0,0,0,0,0,0,2,MNQH6|MNQM6,1,,,0,excluded,False,high,multiple_contracts_within_session|roll_boundary_session
2026-03-20,final_untouched_test,True,2026-03-19T22:00:00+00:00,2026-03-20T21:00:00+00:00,2026-03-19T18:00:00-04:00,2026-03-20T17:00:00-04:00,False,False,,1380,390,1380,1380,0,0,0,0,0,0,1,MNQM6,0,,,0,pass,True,none,
2026-03-23,final_untouched_test,True,2026-03-22T22:00:00+00:00,2026-03-23T21:00:00+00:00,2026-03-22T18:00:00-04:00,2026-03-23T17:00:00-04:00,False,False,,1380,390,1380,1380,0,0,0,0,0,0,1,MNQM6,0,,,0,pass,True,none,
2026-03-24,final_untouched_test,True,2026-03-23T22:00:00+00:00,2026-03-24T21:00:00+00:00,2026-03-23T18:00:00-04:00,2026-03-24T17:00:00-04:00,False,False,,1380,390,1380,1380,0,0,0,0,0,0,1,MNQM6,0,,,0,pass,True,none,
2026-03-25,final_untouched_test,True,2026-03-24T22:00:00+00:00,2026-03-25T21:00:00+00:00,2026-03-24T18:00:00-04:00,2026-03-25T17:00:00-04:00,False,False,,1380,390,1380,1380,0,0,0,0,0,0,1,MNQM6,0,,,0,pass,True,none,
2026-03-26,final_untouched_test,True,2026-03-25T22:00:00+00:00,2026-03-26T21:00:00+00:00,2026-03-25T18:00:00-04:00,2026-03-26T17:00:00-04:00,False,False,,1380,390,1380,1380,0,0,0,0,0,0,1,MNQM6,0,,,0,pass,True,none,
2026-03-27,final_untouched_test,True,2026-03-26T22:00:00+00:00,2026-03-27T21:00:00+00:00,2026-03-26T18:00:00-04:00,2026-03-27T17:00:00-04:00,False,False,,1380,390,1380,1380,0,0,0,0,0,0,1,MNQM6,0,,,0,pass,True,none,
2026-03-30,final_untouched_test,True,2026-03-29T22:00:00+00:00,2026-03-30T21:00:00+00:00,2026-03-29T18:00:00-04:00,2026-03-30T17:00:00-04:00,False,False,,1380,390,1380,1380,0,0,0,0,0,0,1,MNQM6,0,,,0,pass,True,none,
2026-03-31,final_untouched_test,True,2026-03-30T22:00:00+00:00,2026-03-31T21:00:00+00:00,2026-03-30T18:00:00-04:00,2026-03-31T17:00:00-04:00,False,False,,1380,390,1380,1380,0,0,0,0,0,0,1,MNQM6,0,,,0,pass,True,none,
2026-04-01,final_untouched_test,True,2026-03-31T22:00:00+00:00,2026-04-01T21:00:00+00:00,2026-03-31T18:00:00-04:00,2026-04-01T17:00:00-04:00,False,False,,1380,390,1380,1380,0,0,0,0,0,0,1,MNQM6,0,,,0,pass,True,none,
2026-04-02,final_untouched_test,True,2026-04-01T22:00:00+00:00,2026-04-02T21:00:00+00:00,2026-04-01T18:00:00-04:00,2026-04-02T17:00:00-04:00,False,False,,1380,390,1380,1380,0,0,0,0,0,0,1,MNQM6,0,,,0,pass,True,none,
2026-04-03,final_untouched_test,True,2026-04-02T22:00:00+00:00,2026-04-03T13:15:00+00:00,2026-04-02T18:00:00-04:00,2026-04-03T09:15:00-04:00,True,False,,915,0,915,915,0,0,0,0,0,0,1,MNQM6,0,,,0,pass,True,none,
2026-04-06,final_untouched_test,True,2026-04-05T22:00:00+00:00,2026-04-06T21:00:00+00:00,2026-04-05T18:00:00-04:00,2026-04-06T17:00:00-04:00,False,False,,1380,390,1380,1380,0,0,0,0,0,0,1,MNQM6,0,,,0,pass,True,none,
2026-04-07,final_untouched_test,True,2026-04-06T22:00:00+00:00,2026-04-07T21:00:00+00:00,2026-04-06T18:00:00-04:00,2026-04-07T17:00:00-04:00,False,False,,1380,390,1380,1380,0,0,0,0,0,0,1,MNQM6,0,,,0,pass,True,none,
2026-04-08,final_untouched_test,True,2026-04-07T22:00:00+00:00,2026-04-08T21:00:00+00:00,2026-04-07T18:00:00-04:00,2026-04-08T17:00:00-04:00,False,False,,1380,390,1380,1380,0,0,0,0,0,0,1,MNQM6,0,,,0,pass,True,none,
2026-04-09,final_untouched_test,True,2026-04-08T22:00:00+00:00,2026-04-09T21:00:00+00:00,2026-04-08T18:00:00-04:00,2026-04-09T17:00:00-04:00,False,False,,1380,390,1380,1380,0,0,0,0,0,0,1,MNQM6,0,,,0,pass,True,none,
2026-04-10,final_untouched_test,True,2026-04-09T22:00:00+00:00,2026-04-10T21:00:00+00:00,2026-04-09T18:00:00-04:00,2026-04-10T17:00:00-04:00,False,False,,1380,390,1380,1380,0,0,0,0,0,0,1,MNQM6,0,,,0,pass,True,none,
2026-04-13,final_untouched_test,True,2026-04-12T22:00:00+00:00,2026-04-13T21:00:00+00:00,2026-04-12T18:00:00-04:00,2026-04-13T17:00:00-04:00,False,False,,1380,390,1380,1380,0,0,0,0,0,0,1,MNQM6,0,,,0,pass,True,none,
2026-04-14,final_untouched_test,True,2026-04-13T22:00:00+00:00,2026-04-14T21:00:00+00:00,2026-04-13T18:00:00-04:00,2026-04-14T17:00:00-04:00,False,False,,1380,390,1380,1380,0,0,0,0,0,0,1,MNQM6,0,,,0,pass,True,none,
2026-04-15,final_untouched_test,True,2026-04-14T22:00:00+00:00,2026-04-15T21:00:00+00:00,2026-04-14T18:00:00-04:00,2026-04-15T17:00:00-04:00,False,False,,1380,390,1380,1380,0,0,0,0,0,0,1,MNQM6,0,,,0,pass,True,none,
2026-04-16,final_untouched_test,True,2026-04-15T22:00:00+00:00,2026-04-16T21:00:00+00:00,2026-04-15T18:00:00-04:00,2026-04-16T17:00:00-04:00,False,False,,1380,390,1380,1380,0,0,0,0,0,0,1,MNQM6,0,,,0,pass,True,none,
2026-04-17,final_untouched_test,True,2026-04-16T22:00:00+00:00,2026-04-17T21:00:00+00:00,2026-04-16T18:00:00-04:00,2026-04-17T17:00:00-04:00,False,False,,1380,390,1380,1380,0,0,0,0,0,0,1,MNQM6,0,,,0,pass,True,none,
2026-04-20,final_untouched_test,True,2026-04-19T22:00:00+00:00,2026-04-20T21:00:00+00:00,2026-04-19T18:00:00-04:00,2026-04-20T17:00:00-04:00,False,False,,1380,390,1380,1380,0,0,0,0,0,0,1,MNQM6,0,,,0,pass,True,none,
2026-04-21,final_untouched_test,True,2026-04-20T22:00:00+00:00,2026-04-21T21:00:00+00:00,2026-04-20T18:00:00-04:00,2026-04-21T17:00:00-04:00,False,False,,1380,390,1380,1380,0,0,0,0,0,0,1,MNQM6,0,,,0,pass,True,none,
2026-04-22,final_untouched_test,True,2026-04-21T22:00:00+00:00,2026-04-22T21:00:00+00:00,2026-04-21T18:00:00-04:00,2026-04-22T17:00:00-04:00,False,False,,1380,390,1380,1380,0,0,0,0,0,0,1,MNQM6,0,,,0,pass,True,none,
2026-04-23,final_untouched_test,True,2026-04-22T22:00:00+00:00,2026-04-23T21:00:00+00:00,2026-04-22T18:00:00-04:00,2026-04-23T17:00:00-04:00,False,False,,1380,390,1380,1380,0,0,0,0,0,0,1,MNQM6,0,,,0,pass,True,none,
2026-04-24,final_untouched_test,True,2026-04-23T22:00:00+00:00,2026-04-24T21:00:00+00:00,2026-04-23T18:00:00-04:00,2026-04-24T17:00:00-04:00,False,False,,1380,390,1380,1380,0,0,0,0,0,0,1,MNQM6,0,,,0,pass,True,none,
2026-04-27,final_untouched_test,True,2026-04-26T22:00:00+00:00,2026-04-27T21:00:00+00:00,2026-04-26T18:00:00-04:00,2026-04-27T17:00:00-04:00,False,False,,1380,390,1380,1380,0,0,0,0,0,0,1,MNQM6,0,,,0,pass,True,none,
2026-04-28,final_untouched_test,True,2026-04-27T22:00:00+00:00,2026-04-28T21:00:00+00:00,2026-04-27T18:00:00-04:00,2026-04-28T17:00:00-04:00,False,False,,1380,390,1380,1380,0,0,0,0,0,0,1,MNQM6,0,,,0,pass,True,none,
2026-04-29,final_untouched_test,True,2026-04-28T22:00:00+00:00,2026-04-29T21:00:00+00:00,2026-04-28T18:00:00-04:00,2026-04-29T17:00:00-04:00,False,False,,1380,390,1380,1380,0,0,0,0,0,0,1,MNQM6,0,,,0,pass,True,none,
2026-04-30,final_untouched_test,True,2026-04-29T22:00:00+00:00,2026-04-30T21:00:00+00:00,2026-04-29T18:00:00-04:00,2026-04-30T17:00:00-04:00,False,False,,1380,390,1380,1380,0,0,0,0,0,0,1,MNQM6,0,,,0,pass,True,none,
2026-05-01,final_untouched_test,True,2026-04-30T22:00:00+00:00,2026-05-01T21:00:00+00:00,2026-04-30T18:00:00-04:00,2026-05-01T17:00:00-04:00,False,False,,1380,390,1380,1380,0,0,0,0,0,0,1,MNQM6,0,,,0,pass,True,none,
2026-05-04,final_untouched_test,True,2026-05-03T22:00:00+00:00,2026-05-04T21:00:00+00:00,2026-05-03T18:00:00-04:00,2026-05-04T17:00:00-04:00,False,False,,1380,390,1380,1380,0,0,0,0,0,0,1,MNQM6,0,,,0,pass,True,none,
2026-05-05,final_untouched_test,True,2026-05-04T22:00:00+00:00,2026-05-05T21:00:00+00:00,2026-05-04T18:00:00-04:00,2026-05-05T17:00:00-04:00,False,False,,1380,390,1380,1380,0,0,0,0,0,0,1,MNQM6,0,,,0,pass,True,none,
2026-05-06,final_untouched_test,True,2026-05-05T22:00:00+00:00,2026-05-06T21:00:00+00:00,2026-05-05T18:00:00-04:00,2026-05-06T17:00:00-04:00,False,False,,1380,390,1380,1380,0,0,0,0,0,0,1,MNQM6,0,,,0,pass,True,none,
2026-05-07,final_untouched_test,True,2026-05-06T22:00:00+00:00,2026-05-07T21:00:00+00:00,2026-05-06T18:00:00-04:00,2026-05-07T17:00:00-04:00,False,False,,1380,390,1380,1380,0,0,0,0,0,0,1,MNQM6,0,,,0,pass,True,none,
2026-05-08,final_untouched_test,True,2026-05-07T22:00:00+00:00,2026-05-08T21:00:00+00:00,2026-05-07T18:00:00-04:00,2026-05-08T17:00:00-04:00,False,False,,1380,390,1380,1380,0,0,0,0,0,0,1,MNQM6,0,,,0,pass,True,none,
2026-05-11,final_untouched_test,True,2026-05-10T22:00:00+00:00,2026-05-11T21:00:00+00:00,2026-05-10T18:00:00-04:00,2026-05-11T17:00:00-04:00,False,False,,1380,390,1380,1380,0,0,0,0,0,0,1,MNQM6,0,,,0,pass,True,none,
2026-05-12,final_untouched_test,True,2026-05-11T22:00:00+00:00,2026-05-12T21:00:00+00:00,2026-05-11T18:00:00-04:00,2026-05-12T17:00:00-04:00,False,False,,1380,390,1380,1380,0,0,0,0,0,0,1,MNQM6,0,,,0,pass,True,none,
2026-05-13,final_untouched_test,True,2026-05-12T22:00:00+00:00,2026-05-13T21:00:00+00:00,2026-05-12T18:00:00-04:00,2026-05-13T17:00:00-04:00,False,False,,1380,390,1380,1380,0,0,0,0,0,0,1,MNQM6,0,,,0,pass,True,none,
2026-05-14,final_untouched_test,True,2026-05-13T22:00:00+00:00,2026-05-14T21:00:00+00:00,2026-05-13T18:00:00-04:00,2026-05-14T17:00:00-04:00,False,False,,1380,390,1380,1380,0,0,0,0,0,0,1,MNQM6,0,,,0,pass,True,none,
2026-05-15,final_untouched_test,True,2026-05-14T22:00:00+00:00,2026-05-15T21:00:00+00:00,2026-05-14T18:00:00-04:00,2026-05-15T17:00:00-04:00,False,False,,1380,390,1380,1380,0,0,0,0,0,0,1,MNQM6,0,,,0,pass,True,none,
2026-05-18,final_untouched_test,True,2026-05-17T22:00:00+00:00,2026-05-18T21:00:00+00:00,2026-05-17T18:00:00-04:00,2026-05-18T17:00:00-04:00,False,False,,1380,390,1380,1380,0,0,0,0,0,0,1,MNQM6,0,,,0,pass,True,none,
2026-05-19,final_untouched_test,True,2026-05-18T22:00:00+00:00,2026-05-19T21:00:00+00:00,2026-05-18T18:00:00-04:00,2026-05-19T17:00:00-04:00,False,False,,1380,390,1380,1380,0,0,0,0,0,0,1,MNQM6,0,,,0,pass,True,none,
2026-05-20,final_untouched_test,True,2026-05-19T22:00:00+00:00,2026-05-20T21:00:00+00:00,2026-05-19T18:00:00-04:00,2026-05-20T17:00:00-04:00,False,False,,1380,390,1380,1380,0,0,0,0,0,0,1,MNQM6,0,,,0,pass,True,none,
2026-05-21,final_untouched_test,True,2026-05-20T22:00:00+00:00,2026-05-21T21:00:00+00:00,2026-05-20T18:00:00-04:00,2026-05-21T17:00:00-04:00,False,False,,1380,390,1380,1380,0,0,0,0,0,0,1,MNQM6,0,,,0,pass,True,none,
2026-05-22,final_untouched_test,True,2026-05-21T22:00:00+00:00,2026-05-22T21:00:00+00:00,2026-05-21T18:00:00-04:00,2026-05-22T17:00:00-04:00,False,False,,1380,390,1380,1380,0,0,0,0,0,0,1,MNQM6,0,,,0,pass,True,none,
2026-05-25,final_untouched_test,True,2026-05-24T22:00:00+00:00,2026-05-25T17:00:00+00:00,2026-05-24T18:00:00-04:00,2026-05-25T13:00:00-04:00,True,False,,1140,210,1140,1140,0,0,0,0,0,0,1,MNQM6,0,,,0,pass,True,none,
2026-05-26,final_untouched_test,True,2026-05-25T22:00:00+00:00,2026-05-26T21:00:00+00:00,2026-05-25T18:00:00-04:00,2026-05-26T17:00:00-04:00,False,False,,1380,390,1380,1380,0,0,0,0,0,0,1,MNQM6,0,,,0,pass,True,none,
2026-05-27,final_untouched_test,True,2026-05-26T22:00:00+00:00,2026-05-27T21:00:00+00:00,2026-05-26T18:00:00-04:00,2026-05-27T17:00:00-04:00,False,False,,1380,390,1380,1380,0,0,0,0,0,0,1,MNQM6,0,,,0,pass,True,none,
2026-05-28,final_untouched_test,True,2026-05-27T22:00:00+00:00,2026-05-28T21:00:00+00:00,2026-05-27T18:00:00-04:00,2026-05-28T17:00:00-04:00,False,False,,1380,390,1380,1380,0,0,0,0,0,0,1,MNQM6,0,,,0,pass,True,none,
2026-05-29,final_untouched_test,True,2026-05-28T22:00:00+00:00,2026-05-29T21:00:00+00:00,2026-05-28T18:00:00-04:00,2026-05-29T17:00:00-04:00,False,False,,1380,390,1380,1380,0,0,0,0,0,0,1,MNQM6,0,,,0,pass,True,none,
2026-06-01,final_untouched_test,True,2026-05-31T22:00:00+00:00,2026-06-01T21:00:00+00:00,2026-05-31T18:00:00-04:00,2026-06-01T17:00:00-04:00,False,False,,1380,390,1363,1363,17,0,0,0,0,0,1,MNQM6,0,2026-05-31T22:00:00+00:00,2026-05-31T22:16:00+00:00,17,excluded,False,high,missing_expected_minutes
2026-06-02,final_untouched_test,True,2026-06-01T22:00:00+00:00,2026-06-02T21:00:00+00:00,2026-06-01T18:00:00-04:00,2026-06-02T17:00:00-04:00,False,False,,1380,390,1380,1380,0,0,0,0,0,0,1,MNQM6,0,,,0,pass,True,none,
2026-06-03,final_untouched_test,True,2026-06-02T22:00:00+00:00,2026-06-03T21:00:00+00:00,2026-06-02T18:00:00-04:00,2026-06-03T17:00:00-04:00,False,False,,1380,390,1380,1380,0,0,0,0,0,0,1,MNQM6,0,,,0,pass,True,none,
2026-06-04,final_untouched_test,True,2026-06-03T22:00:00+00:00,2026-06-04T21:00:00+00:00,2026-06-03T18:00:00-04:00,2026-06-04T17:00:00-04:00,False,False,,1380,390,1380,1380,0,0,0,0,0,0,1,MNQM6,0,,,0,pass,True,none,
2026-06-05,final_untouched_test,True,2026-06-04T22:00:00+00:00,2026-06-05T21:00:00+00:00,2026-06-04T18:00:00-04:00,2026-06-05T17:00:00-04:00,False,False,,1380,390,1380,1380,0,0,0,0,0,0,1,MNQM6,0,,,0,pass,True,none,
2026-06-08,final_untouched_test,True,2026-06-07T22:00:00+00:00,2026-06-08T21:00:00+00:00,2026-06-07T18:00:00-04:00,2026-06-08T17:00:00-04:00,False,False,,1380,390,1380,1380,0,0,0,0,0,0,1,MNQM6,0,,,0,pass,True,none,
2026-06-09,final_untouched_test,True,2026-06-08T22:00:00+00:00,2026-06-09T21:00:00+00:00,2026-06-08T18:00:00-04:00,2026-06-09T17:00:00-04:00,False,False,,1380,390,1380,1380,0,0,0,0,0,0,1,MNQM6,0,,,0,pass,True,none,
2026-06-10,final_untouched_test,True,2026-06-09T22:00:00+00:00,2026-06-10T21:00:00+00:00,2026-06-09T18:00:00-04:00,2026-06-10T17:00:00-04:00,False,False,,1380,390,1380,1380,0,0,0,0,0,0,1,MNQM6,0,,,0,pass,True,none,
2026-06-11,final_untouched_test,True,2026-06-10T22:00:00+00:00,2026-06-11T21:00:00+00:00,2026-06-10T18:00:00-04:00,2026-06-11T17:00:00-04:00,False,False,,1380,390,1380,1380,0,0,0,0,0,0,1,MNQM6,0,,,0,pass,True,none,
2026-06-12,final_untouched_test,True,2026-06-11T22:00:00+00:00,2026-06-12T21:00:00+00:00,2026-06-11T18:00:00-04:00,2026-06-12T17:00:00-04:00,False,False,,1380,390,1380,1380,0,0,0,0,0,0,1,MNQM6,0,,,0,pass,True,none,
2026-06-15,final_untouched_test,True,2026-06-14T22:00:00+00:00,2026-06-15T21:00:00+00:00,2026-06-14T18:00:00-04:00,2026-06-15T17:00:00-04:00,False,False,,1380,390,1380,1380,0,0,0,0,0,0,1,MNQM6,0,,,0,pass,True,none,
2026-06-16,final_untouched_test,True,2026-06-15T22:00:00+00:00,2026-06-16T21:00:00+00:00,2026-06-15T18:00:00-04:00,2026-06-16T17:00:00-04:00,False,False,,1380,390,1380,1380,0,0,0,0,0,0,1,MNQM6,0,,,0,pass,True,none,
2026-06-17,final_untouched_test,True,2026-06-16T22:00:00+00:00,2026-06-17T21:00:00+00:00,2026-06-16T18:00:00-04:00,2026-06-17T17:00:00-04:00,False,False,,1380,390,1380,1380,0,0,0,0,0,0,2,MNQM6|MNQU6,1,,,0,excluded,False,high,multiple_contracts_within_session|roll_boundary_session
2026-06-18,final_untouched_test,True,2026-06-17T22:00:00+00:00,2026-06-18T21:00:00+00:00,2026-06-17T18:00:00-04:00,2026-06-18T17:00:00-04:00,False,False,,1380,390,1380,1380,0,0,0,0,0,0,1,MNQU6,0,,,0,pass,True,none,
2026-06-19,final_untouched_test,True,2026-06-18T22:00:00+00:00,2026-06-19T17:00:00+00:00,2026-06-18T18:00:00-04:00,2026-06-19T13:00:00-04:00,True,False,,1140,210,1140,1140,0,0,0,0,0,0,1,MNQU6,0,,,0,pass,True,none,
2026-06-22,final_untouched_test,True,2026-06-21T22:00:00+00:00,2026-06-22T21:00:00+00:00,2026-06-21T18:00:00-04:00,2026-06-22T17:00:00-04:00,False,False,,1380,390,1380,1380,0,0,0,0,0,0,1,MNQU6,0,,,0,pass,True,none,
2026-06-23,final_untouched_test,True,2026-06-22T22:00:00+00:00,2026-06-23T21:00:00+00:00,2026-06-22T18:00:00-04:00,2026-06-23T17:00:00-04:00,False,False,,1380,390,1380,1380,0,0,0,0,0,0,1,MNQU6,0,,,0,pass,True,none,
2026-06-24,final_untouched_test,True,2026-06-23T22:00:00+00:00,2026-06-24T21:00:00+00:00,2026-06-23T18:00:00-04:00,2026-06-24T17:00:00-04:00,False,False,,1380,390,1380,1380,0,0,0,0,0,0,1,MNQU6,0,,,0,pass,True,none,
2026-06-25,final_untouched_test,True,2026-06-24T22:00:00+00:00,2026-06-25T21:00:00+00:00,2026-06-24T18:00:00-04:00,2026-06-25T17:00:00-04:00,False,False,,1380,390,1380,1380,0,0,0,0,0,0,1,MNQU6,0,,,0,pass,True,none,
2026-06-26,final_untouched_test,True,2026-06-25T22:00:00+00:00,2026-06-26T21:00:00+00:00,2026-06-25T18:00:00-04:00,2026-06-26T17:00:00-04:00,False,False,,1380,390,1380,1380,0,0,0,0,0,0,1,MNQU6,0,,,0,pass,True,none,
2026-06-29,final_untouched_test,True,2026-06-28T22:00:00+00:00,2026-06-29T21:00:00+00:00,2026-06-28T18:00:00-04:00,2026-06-29T17:00:00-04:00,False,False,,1380,390,1380,1380,0,0,0,0,0,0,1,MNQU6,0,,,0,pass,True,none,
2026-06-30,final_untouched_test,True,2026-06-29T22:00:00+00:00,2026-06-30T21:00:00+00:00,2026-06-29T18:00:00-04:00,2026-06-30T17:00:00-04:00,False,False,,1380,390,1380,1380,0,0,0,0,0,0,1,MNQU6,0,,,0,pass,True,none,
2026-07-01,final_untouched_test,True,2026-06-30T22:00:00+00:00,2026-07-01T21:00:00+00:00,2026-06-30T18:00:00-04:00,2026-07-01T17:00:00-04:00,False,False,,1380,390,1380,1380,0,0,0,0,0,0,1,MNQU6,0,,,0,pass,True,none,
2026-07-02,final_untouched_test,True,2026-07-01T22:00:00+00:00,2026-07-02T21:00:00+00:00,2026-07-01T18:00:00-04:00,2026-07-02T17:00:00-04:00,False,False,,1380,390,1378,1378,2,0,0,0,0,0,1,MNQU6,0,2026-07-02T01:23:00+00:00,2026-07-02T06:21:00+00:00,1,excluded,False,high,missing_expected_minutes
2026-07-03,final_untouched_test,True,2026-07-02T22:00:00+00:00,2026-07-03T17:00:00+00:00,2026-07-02T18:00:00-04:00,2026-07-03T13:00:00-04:00,True,False,,1140,210,1140,1140,0,0,0,0,0,0,1,MNQU6,0,,,0,pass,True,none,
2026-07-06,final_untouched_test,True,2026-07-05T22:00:00+00:00,2026-07-06T21:00:00+00:00,2026-07-05T18:00:00-04:00,2026-07-06T17:00:00-04:00,False,False,,1380,390,1380,1380,0,0,0,0,0,0,1,MNQU6,0,,,0,pass,True,none,
2026-07-07,final_untouched_test,True,2026-07-06T22:00:00+00:00,2026-07-07T21:00:00+00:00,2026-07-06T18:00:00-04:00,2026-07-07T17:00:00-04:00,False,False,,1380,390,1380,1380,0,0,0,0,0,0,1,MNQU6,0,,,0,pass,True,none,
2026-07-08,final_untouched_test,True,2026-07-07T22:00:00+00:00,2026-07-08T21:00:00+00:00,2026-07-07T18:00:00-04:00,2026-07-08T17:00:00-04:00,False,False,,1380,390,1380,1380,0,0,0,0,0,0,1,MNQU6,0,,,0,pass,True,none,
2026-07-09,final_untouched_test,True,2026-07-08T22:00:00+00:00,2026-07-09T21:00:00+00:00,2026-07-08T18:00:00-04:00,2026-07-09T17:00:00-04:00,False,False,,1380,390,1380,1380,0,0,0,0,0,0,1,MNQU6,0,,,0,pass,True,none,
2026-07-10,final_untouched_test,True,2026-07-09T22:00:00+00:00,2026-07-10T21:00:00+00:00,2026-07-09T18:00:00-04:00,2026-07-10T17:00:00-04:00,False,False,,1380,390,1380,1380,0,0,0,0,0,0,1,MNQU6,0,,,0,pass,True,none,
2026-07-13,final_untouched_test,True,2026-07-12T22:00:00+00:00,2026-07-13T21:00:00+00:00,2026-07-12T18:00:00-04:00,2026-07-13T17:00:00-04:00,False,False,,1380,390,1380,1380,0,0,0,0,0,0,1,MNQU6,0,,,0,pass,True,none,
2026-07-14,final_untouched_test,True,2026-07-13T22:00:00+00:00,2026-07-14T21:00:00+00:00,2026-07-13T18:00:00-04:00,2026-07-14T17:00:00-04:00,False,False,,1380,390,1380,1380,0,0,0,0,0,0,1,MNQU6,0,,,0,pass,True,none,
2026-07-15,final_untouched_test,True,2026-07-14T22:00:00+00:00,2026-07-15T21:00:00+00:00,2026-07-14T18:00:00-04:00,2026-07-15T17:00:00-04:00,False,False,,1380,390,1380,1380,0,0,0,0,0,0,1,MNQU6,0,,,0,pass,True,none,
2026-07-16,final_untouched_test,True,2026-07-15T22:00:00+00:00,2026-07-16T21:00:00+00:00,2026-07-15T18:00:00-04:00,2026-07-16T17:00:00-04:00,False,False,,1380,390,1380,1380,0,0,0,0,0,0,1,MNQU6,0,,,0,pass,True,none,
2026-07-17,final_untouched_test,True,2026-07-16T22:00:00+00:00,2026-07-17T21:00:00+00:00,2026-07-16T18:00:00-04:00,2026-07-17T17:00:00-04:00,False,False,,1380,390,1379,1379,1,0,0,0,0,0,1,MNQU6,0,2026-07-16T23:31:00+00:00,2026-07-16T23:31:00+00:00,1,excluded,False,high,missing_expected_minutes
2026-07-20,final_untouched_test,True,2026-07-19T22:00:00+00:00,2026-07-20T21:00:00+00:00,2026-07-19T18:00:00-04:00,2026-07-20T17:00:00-04:00,False,False,,1380,390,1380,1380,0,0,0,0,0,0,1,MNQU6,0,,,0,pass,True,none,
2026-07-21,final_untouched_test,True,2026-07-20T22:00:00+00:00,2026-07-21T21:00:00+00:00,2026-07-20T18:00:00-04:00,2026-07-21T17:00:00-04:00,False,False,,1380,390,1380,1380,0,0,0,0,0,0,1,MNQU6,0,,,0,pass,True,none,
2026-07-22,final_untouched_test,True,2026-07-21T22:00:00+00:00,2026-07-22T21:00:00+00:00,2026-07-21T18:00:00-04:00,2026-07-22T17:00:00-04:00,False,False,,1380,390,1380,1380,0,0,0,0,0,0,1,MNQU6,0,,,0,pass,True,none,
2026-07-23,final_untouched_test,True,2026-07-22T22:00:00+00:00,2026-07-23T21:00:00+00:00,2026-07-22T18:00:00-04:00,2026-07-23T17:00:00-04:00,False,False,,1380,390,1380,1380,0,0,0,0,0,0,1,MNQU6,0,,,0,pass,True,none,
2026-07-24,final_untouched_test,True,2026-07-23T22:00:00+00:00,2026-07-24T21:00:00+00:00,2026-07-23T18:00:00-04:00,2026-07-24T17:00:00-04:00,False,False,,1380,390,1380,1380,0,0,0,0,0,0,1,MNQU6,0,,,0,pass,True,none,
2026-07-27,final_untouched_test,True,2026-07-26T22:00:00+00:00,2026-07-27T21:00:00+00:00,2026-07-26T18:00:00-04:00,2026-07-27T17:00:00-04:00,False,False,,1380,390,1380,1380,0,0,0,0,0,0,1,MNQU6,0,,,0,pass,True,none,
